,MTOR,LRRK2,ROS1,CIT,TRPM6,MYLK,MRCKA,GCN2(KinDom2S808G),PIK3C2B,ALK,MYO3A,MAP3K4,MAST1,DMPK2,MAP3K1,PIK3C2G,DAPK1,MST1R,MET,INSR,ASK1,FLT4,TNIK,ROCK1,ERBB3,FLT1,YSK4,STK36,GAK,INSRR,QSK,NEK1,SLK,TAOK2,HIPK3,TYK2(JH1domain-cata,ABL1(E255K),BIKE,TIE2,JAK2(JH1domain-cata,LATS1,PIK3CG,PDGFRA,FAK,PIK3CB,PIK3CA,ULK1,BMPR2,TNK2,CDKL5,EPHB6,EPHA5,PYK2,PRP4,MERTK,FLT3,PKN2,EPHA3,NEK9,ERN1,KIT,PLK4,LOK,LZK,MLK2,PKN1,RIPK5,CASK,SIK2,DDR1,PRKD1,MAP4K3,TYRO3,MUSK,TTK,DDR2,TRKC,TNNI3K,HPK1,FER,FGFR1,MLCK,ERK5,PIK4CB,RPS6KA5(KinDom.1-N-,ZAK,MARK1,TRKA,RIPK4,BRSK1,TLK2,BRAF,DCAMKL2,ANKK1,SNRK,DYRK1A,PRKG2,IKK-beta,RSK4(KinDom.1-N-ter,PRKCE,TBK1,ERK3,PAK7,HUNK,IRAK1,NEK5,SRPK2,PLK2,PRKCD,BMX,PRKG1,RIPK1,PIP5K1C,CAMK2B,TNK1,ARK5,MELK,DCAMKL3,ADCK3,LIMK1,WEE1,NEK11,CLK3,SYK,ICK,EIF2AK1,MAP3K3,PKNB(Mtuberculosis),ZAP70,HIPK4,TAK1,PLK1,DYRK2,BLK,IRAK3,PRKCI,CDKL3,CAMKK2,GRK4,RIOK1,TGFBR2,AMPK-alpha1,PAK3,PDPK1,RIOK2,STK39,ERK8,CHEK2,CDC2L1,RIPK2,STK35,BMPR1A,NLK,PFCDPK1(Pfalciparum,PCTK2,RIOK3,STK33,ACVR2A,PRKR,VRK2,CTK,NEK3,CDK11,PKMYT1,SGK3,MST2,YANK3,BTK,GSK3A,AKT2,TRKB,CAMK1G,CHEK1,CAMK4,MAPKAPK5,ULK3,MKNK1,JNK3,IRAK4,RET,NEK4,MEK5,CSNK1G3,NEK2,MST3,NIM1,LKB1,SBK1,PIP5K2C,MKK7,DRAK1,PHKG2,PIM1,AURKA,MAPKAPK2,MEK2,CSNK2A1,MLK1,CDK9,TSSK1B,SgK110,MEK3,CDK7,CDC2L5,NEK6,STK16
44259,5.0,7.992030638154017,7.158145647243312,6.179700719081151,5.0,6.911376593859156,6.239225015989485,7.864010517865947,5.094665552121733,6.7461181416644775,5.920407444633503,5.501948468660519,7.088800513012887,6.0112860890869895,5.6041597597211785,6.416309617576776,7.205288338845583,5.494708718762773,6.532832834065604,5.828624340758622,6.615407564418237,6.717720484102394,7.561087171451975,7.386560318752138,6.28709493405882,6.697171660373783,8.724468982021984,5.198047200227454,7.44214820729482,5.945414158672681,7.755611615526102,5.555853846694799,8.244432677705303,6.938513007084553,6.0916375663626035,,6.181008987312338,7.908914188709698,6.330704584814671,,6.76494955869051,5.733553150182139,7.352847528478738,6.050809113619295,5.095310867661868,5.277032917447497,6.72143107728806,5.487393634975575,7.632384945251527,6.191416435585525,5.677664261154768,5.686825685333155,7.3412013877960405,6.725617313396435,7.176217233873747,8.50475136647029,8.390232075722992,5.84579427441259,5.258748182114252,7.186726004525332,7.5221900272823365,8.372624693409989,8.301690469539457,5.93312886862734,7.403921147312253,8.39776594317948,7.187411195768423,6.400910819723094,7.595661918819675,6.385447908839322,6.90528196059235,7.172579761761553,5.913309537338308,5.817572564012232,7.285896254665367,6.258230239424712,7.130991373855071,5.5592602350886935,7.24166801905196,6.693919986802327,6.146950932133037,6.646574170039929,5.225076656902729,5.958281390139824,,5.057975065766391,7.615656129983793,7.6330261065597185,6.614887987511646,7.2578006689434105,6.586157265673829,5.0,5.740345323490995,6.354495419173702,5.681919163520225,7.444806673981499,7.50956942964702,7.055443735174241,7.311088068216357,7.27584135831516,7.978961949297627,5.0847730510276214,7.178838407867283,6.357174071039217,6.87087005788709,5.447775651371717,7.411541433556885,5.809947806019907,7.312849173637602,6.029414426182671,6.940333867726998,5.0,6.1479172642766455,8.081703011551378,7.904832983465984,8.406953790338322,7.2064515602696915,6.242719464487834,5.0,5.575922552933786,5.359385641387405,5.169546102055242,6.907435460550786,7.643888562294248,6.131423521554389,5.0,7.374148484795797,6.4383848794518626,6.91248466429569,6.418373509542991,7.532527949031127,6.1262745727416545,6.419879103501919,6.500464634280621,7.4755547199779775,6.109918048975292,5.8863204561074935,8.281621683802834,7.8379722508871765,6.9508776307354045,5.422535413392343,7.381409776237043,7.350093511934393,7.98643952020888,6.198696285335476,5.7163535498428,6.637014669286143,6.269516328511702,5.600216162526968,5.492605560793771,5.981795648481037,5.85727502698791,5.923695531335103,,6.021805888075649,7.203148797382942,7.6836668486576825,5.235021426064111,6.17522238748261,5.0,5.866084972587646,5.0,5.542208956587671,5.0,7.5196550179055235,8.444026454227071,5.891899593676309,6.286078923241404,6.147689861914121,6.17263709569863,7.594242224623559,6.92499992700209,7.644582879343679,5.9700316295202,5.866717762429026,7.705559773872341,6.944510414878359,6.411770261343193,7.513034052414484,7.648811863003329,5.0,7.230834654028929,5.337349198069992,5.478247552193262,6.249856929494219,5.866199819739485,6.971575754988822,6.7312733420053705,6.071145500927538,6.836202326012271,7.3478798154422265,8.186512422359428,7.285171776371481,7.556224884743951,5.897929830610746,7.015915003757848,5.710566538024274,8.093280232198014,6.091908043466404,6.64910714840677,6.507626248426779,7.292594707242391,6.469089411202013,6.051633986661915,5.183545803068418,6.947574867848655
644241,5.0,5.0,5.0,5.0,5.0,5.0,5.115662067519878,5.0,5.0,5.0,5.0,5.0,5.0,5.0,5.0,5.0,5.0,5.0,5.0,5.0,5.0,5.0,5.0,5.0,5.07446386587638,5.0,5.0,5.0,5.333333333333333,5.0,5.0,5.0,5.0,5.1219392467428895,5.0,,7.043554475303497,5.0,5.333333333333333,,5.0,5.0,7.486949268421633,5.0,5.0,5.0,5.0,5.0,5.0,5.0,5.354120738150794,5.478931680352943,5.0,5.0,5.0,5.009555211930782,5.0,5.5470637165324606,5.0,5.0,7.139436760956046,5.03596846576984,5.055830362431254,5.0,5.0,5.0,5.0,5.0,5.0,8.724663340736301,5.0,5.0,5.0,5.0,5.0,7.630140484365204,5.407282916538786,5.603409681217709,5.175101665559182,5.0,5.0,5.0,5.210052203752841,5.0,,6.552381080566158,5.0,5.0,5.0,5.0,5.0,5.490930694395918,5.0,5.0,5.0,5.0,5.0,5.0,5.0,5.0,5.0,5.0,5.0,5.0,5.306939584650792,5.0,5.0,5.0,5.0,5.0,5.0,5.0,5.0,5.0,5.0,5.0,5.240415466349057,5.0,5.0,5.0,5.0,5.0,5.154257545669812,5.0,5.0,5.0,5.0,5.0,5.0,5.339242922320143,5.0,5.0,5.0,6.065761565050221,5.0,5.0,5.0,5.0,5.0,5.0,5.0,5.0,5.0,5.0,5.256517026207242,5.0,5.0,5.0,5.0,5.0,5.0,5.0,5.0,,5.0,5.0,5.0,5.0,5.0,5.0,5.0,5.0,5.043272885084293,5.0,5.0,5.0,5.0,5.0,5.0,5.0,5.436601306657162,5.0,5.0,5.0,5.0,5.0,5.0,5.257666483235621,5.0,5.168257338518597,5.0,5.573748799682391,5.0,5.0,5.0,5.0,5.0,5.0,5.24595562187217,5.0,5.091908043466404,5.0,5.2254137945846555,5.0,5.0,5.0,5.0,5.0,5.0,5.0,5.0,5.0,5.0,5.0,5.0,5.0
5329102,5.0,7.093840796528864,5.0,6.217903769686901,5.0,7.078824557628726,5.0,6.536314818480488,5.0,6.050208300773001,5.427324439178037,5.159379381312206,6.610924374808178,5.0,5.0,5.0,6.823986184216391,5.0,5.314373070210913,5.7017188504113845,5.301145900274256,8.016060224063672,7.130911501600561,6.323097237762673,5.079334164834046,8.536314818480488,7.84518491628705,5.0,7.527758663924915,6.032750774378217,5.0,5.0,6.7945270706561125,5.859641293123212,7.0476423509939785,,6.199257067888977,7.741834231411668,5.163265134325252,,6.153666326363343,5.0,9.43088024056517,6.1386830387330935,5.0,5.0,7.44940040066225,6.471547574331764,5.180206956663287,5.026858484877124,5.601018176832866,5.340101252040128,6.65401744861632,6.147496020333332,7.471740230246526,8.631362637405676,5.6531365255381765,5.228086396926777,5.0,5.971547574331764,8.434609277830862,6.732986946971932,7.179759281514789,6.635423651970496,5.413901931578723,5.934994025164048,5.958786849569615,5.0,5.856249250141618,5.349485002168009,6.0169866580448526,6.8331507721808435,6.46479633912994,6.654901959985743,6.972693472721556,5.270983403751748,5.975003571539928,5.0,7.2177064742580574,6.111214291189988,6.0280110799872455,7.261518298150791,5.000363733783537,5.0,,5.0,6.012300510783375,6.659379381312206,5.33889035263304,5.525696352358936,6.3453875066946415,5.0,5.9229675245531945,6.652259161754901,6.008864383480216,6.126823868094197,5.0,5.683411496015896,7.0713337517843655,5.084866507998191,6.560766461105652,5.0,5.709792724988742,7.366414135798493,7.719449308175472,5.0,6.595030524282238,5.0819755355160705,5.0,5.575912880842542,5.0,6.17630851494269,5.5384157219675485,6.207585179798471,5.995699914119041,6.7194624201397986,6.4622265193037345,6.789198036565084,5.0,5.0,5.370371515030528,5.0,6.595476944639981,5.0,5.562180224004164,5.0,6.890314587166295,6.777665384530738,5.0,6.404554141538915,7.015758525723033,5.0,6.026773867493463,6.196625734181453,5.874059272723736,5.0,5.341885676953819,5.968325129040021,6.47575153235976,6.84253997200379,5.0,7.077364598625826,5.752854402731875,5.520479303839453,7.081837942146624,6.323001914121366,5.170640485761272,7.698970004336019,5.0,5.0,6.986121397654723,5.087632252851783,5.0,,5.75632442922816,5.216722334558472,7.3278038631574445,5.0,6.029990922496168,5.0,5.160558792664633,5.0,5.0,5.0,6.629818655252878,7.2615504157728195,5.0,5.537860356969059,5.0,5.094772705973502,6.116756396880153,6.030631980900966,6.221848749616356,5.80962311459805,5.27642098432889,7.376750709602099,5.3012819179272075,5.238937982757954,7.133321106037208,7.81931778674983,5.0,7.231090452463363,6.586126797625875,5.906239639581768,6.688661015826672,6.014594194563741,6.931956951307951,6.453289157418883,5.998490511250671,5.42540131519641,8.309894379144197,7.642426801621885,5.206596252762798,6.067896810876967,5.0,6.969747997828708,6.271440663058065,5.526773867493463,5.0,5.100329725273209,5.511138197355576,5.71356419889976,6.256501555784089,5.0,5.525978728644178,6.369368565603754
216239,5.0,5.344705929556241,5.384775539310863,6.245802483433473,5.0,5.0,5.0,5.0,5.0,5.662437995416459,6.1529196271248265,5.0,5.0,5.0,5.372363747448347,5.0,5.061856252710012,5.659379381312206,5.586472109204817,5.164394329794448,5.016151668834676,6.96780328533935,6.4190161198084255,5.558211033479455,5.407055714380374,7.287069927461079,6.962591779677412,5.6531365255381765,5.4430283238465815,5.426935982160881,5.0,5.1419983281826,6.8191360819912035,6.745933685705949,6.8186254482384925,,6.797823413747791,5.0,7.526030048427015,,5.3160701990763375,5.0,7.574889450849279,5.0,5.0,5.0,5.468873943791429,5.0,5.0,6.234511988380163,5.647899166410904,6.190732341533873,5.6419983281826,5.0,5.8666021014294705,8.1473787182504,5.0,5.854247309371846,5.372363747448347,5.110924374808178,7.535787028698966,5.173393743112328,7.9300604567993815,5.433207067899247,5.099485002168009,5.0,5.721848749616356,5.0,5.192387769655431,8.992529825103531,5.461167314934642,5.993264593010243,5.0,7.697347476929445,6.047102059816066,8.069531689649953,6.84518491628705,6.661196523639753,5.999134866972623,5.668211371897642,5.544191771458327,5.4417052668148935,5.803315986363888,5.0,,8.419465807264412,5.0,5.847754736113256,5.872363747448347,5.0,5.0,6.36300497232493,5.0,5.600329725273209,5.0,5.0,5.0,6.086455864530509,5.9604093769761874,5.109596219862966,5.0,5.0,5.0,5.0,5.9430283238465815,5.479303657420887,5.0,5.022878745280337,5.0,5.156061243716245,5.2966715314345,5.83889035263304,5.0,5.0,6.4300604567993815,5.0,5.540460953811963,5.0,5.0,5.548605718719519,5.0,5.0,5.578189107369196,5.610924374808178,5.400514997831991,5.0,5.159568040995602,5.0,5.0,8.445210726547806,7.4925298251035315,5.0,5.83889035263304,6.08557772446434,5.0,5.0,7.7221981542508376,5.828788659588897,5.0,5.0,5.873088780645963,5.2134679910804405,5.066323334778673,5.0,5.629818655252878,5.20597718523608,6.090614847582907,5.721848749616356,5.402468439096197,5.922331981267469,6.3979400086720375,5.0,6.494850021680094,,6.3184621504829455,5.0,5.770303756120384,5.2134679910804405,5.479303657420887,5.0,5.4430283238465815,5.0,7.697119750689943,5.0,5.911954370472159,5.397095073509193,5.0,5.0,5.017645268571426,5.0,6.199513552156626,5.146571011465691,5.0,5.2158991379665025,5.0,6.122062572163753,7.408058552246272,5.936974654890088,5.0,8.007632221382545,5.668621084159213,6.9260073396580975,5.3596789043174935,5.0,5.301145900274256,5.0,5.0,5.0,5.0,5.594772705973502,5.0,5.0,5.0,5.753607272093788,5.0,5.0,5.0,5.0,5.860623199523586,5.0,5.0,5.328788659588897,7.595557066320094,7.01343607320015,5.150514997831991,5.0
10127622,5.0,5.0,5.0,5.0,5.0,5.0,5.0,5.0,5.0,5.0,5.0,5.0,5.0,5.0,5.0,5.0,5.0,5.0,5.0,5.0,5.0,5.0,5.0,5.0,5.107471399255692,5.0,5.0,5.0,5.0,5.0,5.0,5.0,5.0,5.0,5.0,,5.0,5.0,5.0,,5.0,5.0,5.127159576541432,5.0,5.0,5.0,5.0,5.0,5.0,5.0,5.0,5.0,5.0,5.0,5.0,5.0,5.0,5.0,5.0,5.0,5.0,5.0,5.0,5.0,5.0,5.0,5.0,5.0,5.0,5.0,5.0,5.0,5.0,5.0,5.0,5.0,5.0,5.0,5.0,5.0,5.0,5.0,5.0,5.0,,5.0,5.0,5.0,5.0,5.0,5.0,5.0,5.0,5.0,5.0,5.0,5.0,5.0,5.0,5.0,5.0,5.0,5.0,5.0,5.0,5.0,5.0,5.0,5.0,5.0,5.0,5.0,5.0,5.058565135369718,5.0,5.0,5.0,5.0,5.0,5.0,5.0,5.0,5.0,5.0,5.0,5.0,5.0,5.0,5.0,5.0,5.0,5.0,5.0,5.0,5.0,5.0,5.0,5.0,5.0,5.0,5.0,5.0,5.0,5.0,5.0,5.0,5.0,5.0,5.0,5.0,5.0,5.0,5.0,,5.0,5.0,5.0,5.0,5.0,5.0,5.0,5.0,5.0,5.0,5.0,5.0,5.0,5.0,5.0,5.0,5.0,5.0,5.0,5.0,5.0,5.0,5.0,5.0,5.0,5.0,5.0,5.0,5.0,5.0,5.0,5.0,5.0,5.0,5.0,5.0,5.0,5.0,5.0,5.124121249149449,5.0,6.65817649142176,5.0,5.0,5.0,5.0,5.0,5.0,5.0,5.0,5.0,5.0
153999,5.0,5.003307066433439,5.1182860032185316,5.426935982160881,5.0,5.793968541520863,5.368403214639263,5.0,5.0,5.0,5.0,5.0,5.0,5.0,5.0,5.0,5.138767284842727,5.0,5.104760447099316,5.0,5.0,5.1050541008457975,5.327428376969242,5.0,5.01410660347237,5.0,6.557319389984244,5.0,5.479303657420887,5.0,5.0,5.0,5.953289157418882,5.527815192267325,6.291386817783402,,5.0,5.879631818230787,5.0,,5.222355834755662,5.0,5.120371515030528,5.0,5.0,5.0,5.0,5.0,5.0,5.064536023880044,5.0,5.0,5.0,5.3979400086720375,5.120371515030528,6.519262717210578,5.411954370472159,5.0,5.0,5.0,5.2046701164537685,5.163951071032141,5.77642098432889,5.0,5.0,5.874180889775894,5.0,5.0,5.0,5.0,5.175101665559182,5.0189301784845295,5.0,5.0,5.0,5.0,5.0,5.0,5.7168390372567295,5.0,5.039794000867204,5.0,5.0,5.0,,5.0,5.0,5.0,5.0,5.0,5.706020623372476,5.0,5.0,5.0,5.0,6.166386562212267,6.139094692393726,5.0,6.211254100081387,7.522824076995442,5.253307066433439,5.0,5.0,5.0,5.0,5.0,5.445884347689703,5.0,8.022878745280337,5.0,5.553962203147359,5.0,5.658509199405735,5.168097127563797,5.234260541478872,5.6566984149642625,5.1259059864969,5.0,5.0,5.0,5.0,5.0,5.8242246377493405,5.0,5.696819961395539,5.0,5.729573182475663,5.0,5.0,5.4604093769761874,5.0,5.0,5.0,5.0,5.0,5.426935982160881,5.117130270739436,5.273685987812887,5.915050672307754,5.545757490560676,5.0,5.075257498915995,5.061088590736736,5.5774509799928715,5.0,5.0,6.029874373465797,5.2158991379665025,5.037628749457998,5.0,5.0,5.0,5.0,,5.1994463443344205,5.593543321678572,5.447415286000334,5.0,5.0,5.0,5.0,5.0,5.0,5.0,5.426935982160881,5.434743791501901,5.0,5.0,5.916487139913277,5.319058785283858,5.0,5.057797914370776,5.6338031200885155,5.0,5.0,5.0,5.037185412820231,5.0,5.0,5.0,5.0,5.479303657420887,5.0,5.0,5.026858484877124,5.0,5.114573994178928,5.0,5.270230476905981,5.240075407403261,5.559593203859604,5.202137246383776,6.496177355829047,5.0,5.0,5.0,5.043481299324793,5.426935982160881,5.4430283238465815,5.0,5.0,5.0,5.677288865325454,5.0,5.0,5.301029995663981
156422,5.0,5.0,5.0,5.33889035263304,5.0,5.0,5.1779717923465345,5.0,5.0,5.2134679910804405,5.0,5.0,5.0,5.4604093769761874,5.0,5.0,5.0,5.0,5.0,5.0,5.0,6.251343483729017,6.093861620172318,5.0,5.05332999003272,6.8872161432802645,5.349485002168009,5.0,5.0,5.0,5.0,5.0,6.080575454631372,5.0,5.0,,5.263779361753487,5.0,6.568685483410009,,5.0,5.0,6.9878856646158605,5.074370825640463,5.0,5.0,5.0,5.0,5.0,5.1164950007226695,5.2051037789873105,5.546157163540165,5.502182402701225,5.0,5.107949568983251,6.883723434814205,5.0,5.182373275752028,5.0,5.0,6.855083498329723,5.0,6.799299729609228,5.0,5.0,5.0,5.0,5.0,5.0,7.906380690084261,5.0,5.339136830878453,5.0,5.860623199523586,5.240743030061056,6.720046687481943,6.4904418547764635,5.0,5.0,5.0,5.036653154442041,5.346804035820066,5.7997800322585755,5.0,,5.532750774378217,5.0,5.8191360819912035,5.0,5.0,5.0,5.094772705973502,5.0,5.5,5.0,5.0,5.0,5.0,5.0,5.0,5.0,5.0,5.0,5.0,5.0,5.0,5.0,5.0,5.0,5.0,5.0,5.525304996677544,5.0,5.0,5.0,5.0,5.0,5.0,5.0,5.0,5.0,5.0,5.0,5.0,5.0,5.0,5.0,5.0,5.0,5.747425010840047,5.947244907615013,5.0,5.0,5.238308445794631,5.0,5.0,5.0,5.0,5.0,5.0,5.0,5.0,5.0,5.0,5.0,5.0,5.261439372640169,5.0,5.0,5.4026041211390385,5.0,5.0,5.5,,5.0,5.0,5.0,5.0,5.0,5.0,5.0,5.0,5.839136830878453,5.0,5.0,5.0,5.0,5.0,5.0,5.0,6.225866727414628,5.0,5.0,5.0,5.0,5.0,5.395391529979919,6.084230633062659,5.0,6.933452845951605,5.0,5.0,5.0,5.0,5.0,5.0,5.0,5.0,5.0,5.0,5.0,5.0,5.0,5.0,5.0,5.0,5.0,5.0,5.0,5.0,5.0,5.0,5.2543191530828635,5.479303657420887,5.0,5.0
151194,5.0,5.0,5.0,5.055517327849831,5.0,5.0,5.0,5.0,5.0,5.0,5.0,5.0,5.0,5.0,5.0,5.0,5.0,5.0,5.0,5.0,5.0,6.84454718531193,5.0,5.0,5.0,8.017728766960431,5.721246399047171,5.0,5.0,5.0,5.0,5.0,5.0,5.0,5.0,,5.037236374744834,5.0,5.0,,5.0,5.0,7.309894379144197,5.0,5.0,5.0,5.0,5.0,5.0,5.0,5.0,5.0,5.0,5.0,5.0,5.0,5.0,5.0,5.0,5.0,6.338350712095145,5.0,5.0,5.0,5.0,5.0,5.0,5.0,5.0,6.568636235841013,5.0,5.0,5.0,5.0,5.0,5.0,5.0,5.0,5.0,5.0,5.0,5.0,5.0,5.0,,5.356547323513812,5.0,5.0,5.0,5.0,5.0,5.0,5.0,5.0,5.0,5.0,5.0,5.0,5.0,5.0,5.0,5.0,5.0,5.0,5.0,5.0,5.0,5.0,5.0,5.0,5.0,5.0,5.0,5.0,5.0,5.0,5.0,5.0,5.0,5.0,5.0,5.0,5.0,5.0,5.0,5.0,5.0,5.0,5.0,5.0,5.0,5.0,5.0,5.077473594786049,5.0,5.0,5.0,5.0,5.0,5.0,5.0,5.0,5.0,5.0,5.0,5.0,5.0,5.0,5.0,5.0,5.0,5.0,5.0,,5.0,5.0,5.0,5.0,5.0,5.0,5.0,5.0,5.585348113584487,5.0,5.0,5.0,5.0,5.0,5.0,5.0,5.0,5.0,5.0,5.0,5.0,5.0,5.0,5.0,5.0,5.029796601929802,5.0,5.0,5.0,5.0,5.0,5.0,5.0,5.0,5.0,5.0,5.0,5.0,5.0,5.0,5.0,5.0,5.0,5.0,5.0,5.0,5.0,5.0,5.0,5.0,5.0,5.0
9809715,5.0,7.384520222125715,5.431798275933005,5.0,5.0,6.447074662807428,5.0,5.698970004336019,5.0,7.166273523555023,5.284318117920506,5.0,5.337242168318426,5.0,5.0,5.0,5.586638981061337,5.0,6.501577751870729,7.41369853439507,5.284623988107254,7.779939198406098,7.061939672986604,5.0,5.0,7.200659450546418,8.2839966563652,5.0,5.0,7.67778070526608,5.0,5.0,7.292429823902063,5.0,6.019670210229475,,6.531664264016925,7.929118384862106,5.755724641749778,,5.699241778246322,5.0,7.809894379144197,6.6777807052660805,5.0,5.0,6.444368743170467,7.251811972993799,5.795880017344075,5.0,6.037836424942506,5.1711453577333835,7.091514981121351,8.075720713938118,7.995699914119041,8.685996563018216,5.853871964321762,5.620632404912906,5.0,5.698970004336019,7.700489421461425,7.275724130399211,7.060480747381382,6.853871964321762,5.896587061984075,6.130768280269024,5.0,5.0,6.363383582978477,7.920818753952375,6.113617444995765,6.473268697537272,5.309803919971486,6.229147988357856,7.657577319177793,7.376750709602099,7.494850021680094,5.0,6.996766978875384,6.52874794691596,6.624452127793738,6.178273661756906,5.100343331887994,5.0,,5.0,5.880055801951765,8.346787486224656,6.356547323513812,5.0,5.0,5.0,5.6338031200885155,5.0,5.0,5.3979400086720375,5.0,5.173393743112328,6.721246399047171,5.086545770168585,6.796729909783022,5.0,5.469645130991167,5.0,6.920818753952375,5.0,7.59877150970603,5.0,5.0,5.6858205635056285,5.7134679910804405,6.619788758288394,6.154901959985743,5.110924374808178,6.6777807052660805,7.236830361305078,8.309803919971486,6.113509274827518,5.0,5.0,5.268801001050522,5.0,6.729857807616433,5.0,5.384775539310863,5.0,7.747696614679023,8.443697499232712,5.455931955649724,5.920818753952375,8.387216143280265,5.0,5.0,6.309393133640006,5.275724130399211,5.0,5.4430283238465815,6.118435811600431,6.563456610858033,7.638272163982407,5.0,7.06810073065975,5.719755588462731,5.552841968657781,5.0,6.085026652029182,5.7346368802282015,5.0,5.2134679910804405,5.0,6.091514981121351,5.3808590147986735,5.0,,6.465925944535698,7.443697499232713,5.958607314841775,5.0,5.0,5.0,5.0,5.0,5.0,5.0,6.0,7.732986946971932,5.0,6.508638306165727,6.72372672602217,5.0,7.721246399047171,5.823917319854943,6.537602002101044,5.431798275933005,5.0,7.221848749616356,5.0,5.6923239215968575,6.091514981121351,7.7645049356785005,5.0,8.744727494896694,5.3606184016679395,5.0,6.422803744937753,5.0,7.744727494896693,6.958607314841775,6.384775539310863,5.143932758644335,6.958607314841775,6.719449308175472,5.0,6.03266570288309,5.0,7.68837535480105,5.587774364981694,6.657577319177793,5.0,5.214670164989233,5.698970004336019,5.6777807052660805,6.522878745280337,5.0,5.0,7.744727494896693
3038525,5.0,5.0,5.0,5.0,5.0,5.0,5.0,5.0,5.0,5.0,5.0,5.0,5.0,5.0,5.0,5.0,5.0,5.0,5.0,5.0,5.0,5.0,5.0,5.0,5.0,5.0,5.0,5.0,5.0,5.0,5.0,5.0,5.0,5.0,5.0,,5.049044185477646,5.0,5.0,,5.0,5.0,5.065619020893974,5.0,5.0,5.0,5.0,5.0,5.0,5.0,5.069202770167249,5.0,5.0,5.0,5.0,5.0,5.0,5.0819755355160705,5.0,5.0,5.065002961336576,5.0,5.0,5.0,5.0,5.0,5.0,5.0,5.0,5.958607314841775,5.0,5.0,5.0,5.0,5.0,5.0,5.0,5.0,5.0,5.0,5.0,5.0,5.947268374821134,5.0,,5.0,5.0,5.0,5.0,5.0,5.0,5.0,5.0,5.0,5.0,5.0,5.0,5.0,5.0,5.0,5.0,5.0,5.0,5.0,5.0,5.0,5.0,5.0,5.0,5.0,5.0,5.0,5.0,5.0,5.0,5.0,5.0,5.0,5.0,5.0,5.0,5.0,5.0,5.0,5.0,5.0,5.0,5.0,5.0,5.0,5.0,5.0,5.0,5.496893615426149,5.0,5.0,5.0,5.0,5.0,5.0,5.0,5.0,5.0,5.0,5.0,5.0,5.0,5.0,5.0,5.0,5.0,5.0,5.0,,5.0,5.0,5.0,5.0,5.0,5.0,5.0,5.0,5.0,5.0,5.0,5.0,5.0,5.0,5.0,5.0,5.0,5.0,5.0,5.0,5.0,5.0,5.0,5.0,5.0,5.0,5.0,5.0,5.0,5.0,5.0,5.0,5.0,5.0,5.0,5.0,5.0,5.0,5.0,5.0,5.0,5.0,5.0,5.0,5.0,5.0,5.0,5.0,5.0,5.0,5.0,5.0
5494449,5.0,5.0,6.214670164989233,5.0,5.0,5.328788659588897,5.0,5.721246399047171,5.0,5.316788521387013,5.0,5.6020599913279625,5.0,5.0,5.0,5.0,5.001091201350612,5.886056647693163,6.312127153052099,6.165713865407721,5.0,5.710108201691595,5.774374522675621,5.0,5.0099161100853955,7.0,7.292429823902063,5.0,5.494850021680094,6.537602002101044,5.0,5.0,7.086186147616283,6.665216175880936,5.0,,7.252534171723802,6.862344322729094,6.457711861032834,,5.151968715781411,5.0,6.152259161754901,5.0,5.0,5.0,5.0,5.1487416512809245,5.356547323513812,5.1842806562192605,6.091362789234984,5.374545942523746,5.585026652029182,5.6020599913279625,6.223665891943903,7.745532908449614,5.301029995663981,5.91729513337604,5.0,5.251811972993799,6.256271743154457,8.036212172654444,6.920818753952375,6.732986946971932,5.9561092910952285,5.823908740944319,5.0,5.0,5.685805534974844,7.552841968657781,5.0,6.809261954862485,5.0,6.522878745280337,5.091514981121351,6.638272163982407,6.698970004336019,5.0,6.363847077798956,5.2537594949355615,5.959623530954943,7.595220142682367,5.027915181215627,5.0,,5.552841968657781,5.518884948898174,7.42021640338319,6.522878745280337,5.037860356969059,5.198970004336019,5.0,5.0,5.251811972993799,5.0,5.0,5.0,5.0,5.0,5.091908043466404,5.947415286000334,5.0,5.287081956758761,5.008773924307505,5.0,5.376750709602099,6.62448866439948,5.0,5.0,5.667518897725325,5.0,7.698970004336019,5.9430283238465815,5.0,7.080921907623926,6.487347067367615,6.619788758288394,5.443697499232713,5.0,5.473955092350721,5.4358003656410965,5.0,5.0,5.7447274948966935,5.0,5.0,5.839926856944473,5.657577319177793,5.0,5.0,5.638272163982407,5.0,5.0,5.970666663587153,5.0,5.0,6.882867937810605,5.168621084159213,5.465980002890679,6.443697499232713,5.0,6.2072696352457495,5.360719509321144,5.0,6.6020599913279625,5.0,5.0,5.0,5.780657163532556,5.0,5.0,5.296308470423036,5.0,,5.378016827395241,6.221848749616356,5.0,5.0,5.0,5.0,5.0,5.0,5.0,5.0,5.0,6.495699914119041,5.0,5.356547323513812,5.0,5.0,6.619788758288394,5.2172641744381245,5.060480747381382,5.0,5.0,6.508638306165727,5.1419983281826,5.138210492164445,5.431798275933005,7.77235670428414,5.0,6.585026652029182,5.0,5.0,5.406129405835617,5.0,5.886056647693163,5.0,5.926935982160881,5.195008884009727,5.045757490560675,5.507062321345803,5.0,8.246787707929647,5.42021640338319,5.721848749616356,5.0,6.4089353929735005,5.0,5.0,6.275724130399211,5.0,5.0,5.0,5.030240373690691,6.214670164989233
9926791,5.0,6.0728469790994595,5.0,5.0,5.0,5.0,5.306939584650792,5.0,5.0,5.0,5.0,5.0,5.0,5.0,5.0,5.0,5.0,5.0,5.0,5.0,5.0,5.0,5.0,6.352326425833191,5.0,5.0,5.0,5.0,5.0,5.0,5.0,5.0,5.0,5.0,5.0,,5.058914500135081,5.074370825640463,5.0,,5.0,5.0,5.0,5.0,5.0,5.0,5.0,5.0,5.0,5.0,5.0,5.0,5.0,5.0,5.0,5.0,5.920818753952375,5.0,5.0,5.0,5.0,5.0,5.0,5.0,5.0,6.769551078621726,5.0,5.0,5.0,5.0,5.0,5.0,5.0,5.0,5.0,5.0,5.0,5.0,5.159379381312206,5.0,5.0,5.0,5.0,5.0,,5.0,5.0,5.0,5.0,5.0,5.0,5.0,5.0869625986495866,5.0,5.0,5.0,5.0,5.0,5.0,5.0,5.0,5.0,5.0,5.0,5.0,5.0,5.0,5.0,5.698970004336019,5.0,5.0,5.0,5.0,5.256142047872684,6.920818753952375,5.809894379144197,5.0,7.920818753952375,5.0,5.0,5.0,5.0,5.0,5.0,5.0,5.0,5.0,5.698970004336019,5.0,5.0,5.0,5.0,5.0,5.286981185395025,5.0,5.0,5.0,5.0,5.122177181473472,5.0,5.0,5.0,5.0,5.0,5.0,5.0,5.0,5.0,5.0,5.0,5.0,5.0,5.0,,5.0,5.0,5.0,5.0,5.0,5.0,5.0,5.0,5.0,5.0,5.0,5.0,5.0,5.0,5.0,5.0,5.0,5.572232923765483,5.0,5.0,5.0,5.1938200260161125,5.3979400086720375,5.0,5.0,5.120371515030528,5.0,5.0,5.0,5.0,5.0,5.0,5.0,5.0,5.0,5.0,5.0,5.0,5.0,5.0,5.0,5.0,5.0,5.0,5.0,5.0,5.0,5.0,5.0,5.0,5.0,5.0
16722836,5.0,6.030240373690691,6.221848749616356,6.853871964321762,5.0,6.585026652029182,5.333333333333333,7.0,5.0,5.693873046951781,5.0,5.3872161432802645,5.0,5.0,5.0,5.0,7.900272064905537,5.0,5.14237613259984,5.86407919673175,5.0,5.49148333035061,5.0168699977850295,5.667679012221937,5.404652782162704,5.366531544420414,7.721246399047171,6.060480747381382,8.958607314841775,5.795880017344075,5.721246399047171,5.468521082957745,6.167491087293763,5.908829818153181,5.983852732149866,,6.732133682094778,7.475390988664909,5.938074179516457,,5.08337050486128,5.1249387366083,6.457711861032834,7.376750709602099,5.0,5.04089353929735,6.835504572275285,5.537602002101044,7.1938200260161125,5.045559046626515,5.76414327463402,5.25273445213395,6.657577319177793,6.4089353929735005,6.441033082480179,7.901169895022153,5.0,5.579936704985091,6.823908740944319,5.920818753952375,6.606655402020552,7.017728766960432,5.537602002101044,5.714903719452137,5.334894607714236,5.958607314841775,5.769551078621726,5.552841968657781,7.208854658640503,5.721246399047171,5.00590958898681,5.372363747448347,5.0,6.096910013008056,6.346787486224656,6.022276394711152,5.0655015487564325,5.7447274948966935,5.781918676479622,6.117165722620493,6.228519604402001,5.268053505507046,5.363409344076355,5.769551078621726,,6.187086643357144,6.049911819291391,6.075720713938118,5.008773924307505,5.0,5.792513326014591,5.01343032525119,6.3908635732142764,5.366531544420414,6.638272163982407,5.011138197355576,5.795880017344075,6.26230970342832,5.698970004336019,5.030504993707117,6.739954835943578,5.4604093769761874,5.500728688866103,5.0,6.657577319177793,6.2441251443275085,6.855143698655266,5.707834387816234,5.0,5.763632853717045,5.1050541008457975,5.275724130399211,6.090228032229065,6.046781015277247,6.443697499232713,7.389162501464615,5.585026652029182,7.886056647693163,5.83889035263304,5.541365025596651,5.815392071294928,5.920818753952375,5.484825539911597,5.568636235841013,5.360623199523586,6.0,6.061314327065113,7.0,5.42021640338319,6.657577319177793,5.508638306165727,6.552841968657781,5.0,6.534981774644758,6.920818753952375,5.0,5.4430283238465815,5.5713337517843655,5.7848592435503035,7.0,5.958607314841775,5.473845450176338,5.243495685260695,5.0,5.585026652029182,5.3979400086720375,5.663485141736857,5.0,5.0,5.214670164989233,5.0,5.667473139968692,5.0,,5.6367469396884164,7.040958607678906,6.657577319177793,5.0,5.958607314841775,5.0,5.769551078621726,6.1938200260161125,5.0,5.0,5.6020599913279625,5.0,5.0,6.070581074285707,5.0,5.0,5.508638306165727,5.8759907357808645,5.42021640338319,5.0,5.0,6.537602002101044,5.778446771631367,6.2259463536633985,5.920818753952375,6.987555505259939,5.795880017344075,6.443697499232713,5.0,5.769551078621726,5.08920208005901,5.356547323513812,6.508638306165727,6.102372908709558,6.09154808031217,5.0014549351341495,6.214670164989233,6.1386830387330935,5.0,6.040761066378341,5.0,5.400534065033895,6.47851546330341,5.494850021680094,5.055517327849831,5.886056647693163,5.537602002101044,5.455931955649724,6.920818753952375,5.0,6.858349385648225,8.18045606445813
10427712,6.2076083105017466,5.0,5.0,5.0,8.102372908709558,5.0,5.0,5.0,8.136677139879543,5.0,5.0,5.0,5.0,5.0,5.0,8.494850021680094,5.0,5.0,5.0,5.0,5.0,5.0,5.0,5.0,5.629075299588226,5.0,5.3979400086720375,5.0,5.853871964321762,5.0,5.0,5.42021640338319,5.0,5.646182506970935,5.0,,5.096508831919256,6.127150386698747,5.0,,5.272878745280337,8.275724130399212,5.0,5.0,6.849485002168009,6.933147297606513,5.0,5.0,5.0,5.0,5.0,5.0,5.0,5.0,5.0,5.0,5.0,5.0,5.0,5.0,5.0,5.0,5.0,5.0,5.0,5.0,5.0,5.0,5.0,5.0,5.348585830186892,5.0,5.0,5.0,5.113509274827518,5.0,5.0,5.853871964321762,5.0,5.0,5.0,5.0,5.0,6.366531544420414,,5.0,5.0,5.0,7.013228265733755,6.02874794691596,5.0,5.4589169032006994,5.0,5.0,5.0,6.155301168589359,5.0,5.0,5.0,5.0,5.0,5.0,5.0,5.0,5.0,5.0,5.105171235937089,5.0,5.0,5.0,5.0,5.0,6.12668290053121,5.0,5.0,5.0,5.0,5.0,6.440372055361031,5.0,5.0,5.0,6.563800451929066,5.0,5.0,5.0,5.0,5.0,5.0,5.0,5.638272163982407,5.0,5.251811972993799,5.094620243914213,5.0,5.0,5.0,5.0,5.069202770167249,5.236572006437063,5.0,5.0,5.0,5.0,5.823908740944319,5.301029995663981,5.0,5.0,5.0,6.301029995663981,5.0,5.0,5.0,,5.0,5.0,5.0,5.0,5.0,5.0,5.0,5.0,5.0,5.0,5.0,5.0,5.0,5.0,5.0,5.0,5.0,5.0,5.0,5.0,5.0,5.0,6.099092415709282,5.0,5.0,5.0,5.0,5.0,5.647634051187703,5.0,5.0,5.0,5.0,5.0,5.6918147638543655,5.132646669557346,5.0,5.0,5.0,5.0,5.0,5.0,5.68837535480105,5.0,5.0,5.0,5.0,5.180456064458132,5.0,5.0,5.0,6.267606240177032
16038120,5.0,8.959686756539096,9.309803919971486,5.0,5.0,5.828788659588897,5.332179822630164,5.958607314841775,5.0,8.990441854776464,7.132720089210262,5.698970004336019,5.481486060122113,5.022276394711152,5.366531544420414,5.0,5.652881803184198,6.214670164989233,6.902699533178176,8.594212497064703,5.613879169301583,6.398211612511014,6.138511026602747,7.158927461813084,6.781093817945975,6.259637310505756,5.552841968657781,5.853871964321762,8.275724130399212,8.207608310501746,5.886056647693163,5.0,7.67778070526608,7.029791865036933,5.291415185430123,,7.040396059224608,6.024574270555727,7.580575454631372,,6.021992337907742,5.0,6.449814727441218,8.958607314841775,5.0,5.0,8.912824701260309,5.4089353929735005,8.698970004336019,5.265293339114692,6.215233145884881,5.986075730474103,8.958607314841775,5.119186407719209,7.821032576499773,8.05878553706058,6.167491087293763,6.245606032902232,6.096910013008056,6.7447274948966935,6.953559590637034,9.031517051446064,7.086186147616283,7.310437926964803,6.167679012221937,6.468521082957745,7.244125144327507,6.036212172654444,7.796729909783022,6.853871964321762,6.979515840304269,6.954166521202158,5.142667503568732,6.585026652029182,7.301029995663981,5.3872161432802645,5.0,5.698970004336019,6.7875591816844665,8.586315363473087,6.966332919379509,5.0,5.8680281753875265,6.107905397309519,,5.0,7.676705784396073,6.337242168318426,5.494850021680094,6.614942352606449,5.0,5.0,8.05284196865778,5.026872146400302,6.522878745280337,5.44219474416285,6.619788758288394,5.0,5.568636235841013,5.507626248426779,6.143254728453028,5.0,5.854612450986415,6.455931955649724,7.346787486224656,5.0,5.285453588241819,6.299299729609228,5.455931955649724,6.622653663830157,5.597064925702444,5.0,5.006614132866877,6.020512716247926,8.744727494896694,8.403437700822769,7.00436480540245,7.853871964321762,6.402881625638085,5.63907154322785,5.261439372640169,5.0,7.160848230419128,5.886056647693163,5.198970004336019,5.0,6.726728668260934,5.920818753952375,5.795880017344075,6.455931955649724,6.795880017344075,7.698970004336019,5.0,6.92515536689447,6.795880017344075,5.0,5.0,7.629818655252878,6.095615199387567,5.0,6.6020599913279625,7.439220077906249,6.320420217298417,5.0,5.0,7.0713337517843655,5.98239816956497,7.142667503568732,5.0709991640913,5.017728766960431,6.585026652029182,7.392722327352817,5.0,,5.604221531876246,5.455931955649724,8.494850021680094,5.512054431799104,5.0,5.0,5.552841968657781,5.055517327849831,5.0,5.0,5.0,6.49506218314392,7.588494238829104,7.638272163982407,5.0,5.0,6.886056647693163,6.03991940803484,7.356547323513813,7.522878745280337,5.0,7.958607314841775,6.178273661756906,6.387379832425332,7.113509274827518,6.863117855885054,5.0,6.698970004336019,5.040570950909315,5.7447274948966935,5.6478470336102085,5.585026652029182,5.0,7.67778070526608,5.3191360819912035,5.840959581760113,5.537602002101044,7.8278038631574445,5.0,7.220647374860081,5.0,6.230148380526087,5.008864383480216,6.3872161432802645,5.0,7.602059991327962,7.267606240177032,6.769551078621726,6.721246399047171,5.0,5.762164405837785,6.096910013008056
3025986,5.0,5.0,5.0,5.4089353929735005,5.0,5.309894379144197,5.0,5.0,5.0,5.0,5.0,5.0,5.2076083105017466,5.0,5.0,5.0,5.0,5.0,5.0,5.0,5.0,5.0,5.0,5.0,5.0,5.00436480540245,5.0,6.585026652029182,5.7447274948966935,5.0,5.0,5.0,5.0,5.946130817697202,5.76414327463402,,5.0,5.0,5.0,,5.0,5.0,5.0,5.0,5.0,5.0,5.27642098432889,5.0,5.0,6.633439786296916,5.0,5.0,5.0,5.0,5.0,5.097880582427918,5.0,5.0,5.0,5.0,5.0,5.0,5.0,5.0,5.0,5.0,5.0,6.3979400086720375,5.0,5.0,5.818230961178059,5.0,5.0,5.0,5.0,5.0,5.0,5.0,5.0,5.0,5.0,5.889162501464615,5.197847773892858,5.0,,5.0,5.0,5.0,5.0,5.1259059864969,5.0,5.560645555012413,5.8979400086720375,5.0,5.0,6.583745543646882,5.0,5.0,5.0,5.0,5.0,5.844123069472123,5.0,5.0,5.0,5.0,5.0,5.0,5.0,5.0,5.0,5.0,5.0,5.0,5.0,5.384775539310863,5.251811972993799,5.795880017344075,5.268801001050522,5.0,5.0,5.0,5.860683367782524,5.0,6.231090452463363,5.0,5.0,5.0,5.0,5.0,5.853871964321762,5.0,5.769551078621726,5.0,5.537602002101044,5.0,6.620544053801012,5.0,5.0,5.0,5.619788758288394,5.043093073808142,5.151977318549908,5.0,5.823908740944319,5.0,7.128559425166762,5.0,6.622170899048665,5.0,5.0,5.0,5.0,,7.136652962403934,5.0,5.0,5.0,5.0,5.0,5.0,5.0,5.971547574331764,5.0,5.0,5.0,5.0,5.0,7.492320122295393,5.0,5.0,5.0,5.0,5.0,5.0,5.0,5.393373973901802,5.057286997089464,5.0,5.0,5.0,5.0,5.395286269943979,5.0,5.0,5.0,5.0,5.0,5.0,5.0,6.356547323513812,5.878729285850808,5.0,5.143932758644335,5.0,5.0,5.0,5.0,7.119186407719209,5.0,5.0,5.0,7.508638306165727,7.638272163982407,5.0,5.0
24779724,5.0,5.0,5.0,5.0,5.0,5.0,5.0,5.0,5.0,5.0,5.0,5.0,5.0,5.0,5.0,5.0,5.0,5.0,9.072122646545653,5.0,5.0,5.0,5.0,5.0,5.0,5.0,5.1938200260161125,5.0,5.0,5.0,5.0,5.0,5.0,5.0,5.0,,5.023426054147888,5.0,5.0,,5.0,5.0,5.0,5.0,5.0,5.0,5.0,5.0,5.0,5.0,5.0,5.0,5.0,5.0,5.0,5.0,5.0,5.0,5.0,5.0,5.0,5.0,5.0,5.0,5.0,5.0,5.0,5.0,5.0,5.0,5.0,5.0,5.0,5.0,5.0,5.0,5.0,5.0,5.0,5.0,5.0,5.0,5.0,5.0,,5.0,5.0,5.0,5.0,5.0,5.0,5.0,5.0,5.0,5.0,5.926316446103106,5.0,5.0,5.0,5.0,5.0,5.0,5.0,5.0,5.0,5.0,5.0,5.0,5.0,5.0,5.0,5.0,5.0,5.0,5.0,5.0,5.0,5.0,5.0,5.0,5.0,5.0,5.0,5.0,5.0,5.0,5.0,5.0,5.0,5.0,5.0,5.0,5.0,5.0,5.0,5.0,5.0,5.0,5.0,5.0,5.0,5.0,5.0,5.0,5.0,5.0,5.0,5.0,5.0,5.0,5.0,5.0,5.0,,5.0,5.0,5.0,5.0,5.0,5.0,5.0,5.0,5.0,5.0,5.0,5.0,5.0,5.0,5.0,5.0,5.0,5.0,5.0,5.0,5.0,5.0,5.0,5.274499277162318,5.0,5.0,5.0,5.0,5.0,5.0,5.0,5.0,5.0,5.0,5.240743030061056,5.0,5.0,5.0,5.0,5.0,5.0,5.0,5.0,5.0,5.0,5.0,5.0,5.0,5.0,5.0,5.0,5.0
176155,5.0,5.0,5.0,6.376750709602099,5.0,5.0,5.258748182114253,5.0,5.0,5.0,5.0,5.0,5.0,6.3979400086720375,5.0,5.0,5.0,5.0,5.034124302903186,5.0,5.0,5.0,5.5059948078497625,5.0,5.692276808278167,5.0,5.0,5.886056647693163,7.721246399047171,5.0,5.4089353929735005,5.0,5.431798275933005,5.0,5.0,,5.10072068351493,5.0,5.0,,5.0,5.0,5.0,5.0,5.0,5.0,5.0,5.0,5.0,5.0,5.169546102055242,5.153469792325396,5.0,5.0,5.0,5.0,5.0,5.0,5.0,5.0,5.0,5.0,5.0,5.0,5.0,5.0,5.0,5.0,5.0,6.0,5.0,5.0,5.0,5.0,5.6020599913279625,5.301029995663981,5.0,5.455931955649724,5.0,5.0,5.0,5.0,5.84595345232302,5.0,,5.356547323513812,5.0,5.0,5.0,5.0,5.0,6.144413235329213,5.0,5.0,5.0,5.0,5.0,5.0,5.0,5.0,5.0,5.0,5.0,5.0,5.0,5.0,5.0,5.0,5.0,5.086696871556164,5.0,5.0,5.292513326014591,5.0,5.0,5.0,5.0,5.0,5.2543191530828635,5.0,5.0,5.0,5.0,5.0,5.0,5.0,5.0,5.0,5.0,5.0,5.0,5.0,5.0,5.12022217020391,5.0,5.0,5.0,5.0,5.0,5.0,5.7447274948966935,5.0,5.0,5.0,5.0,5.0,5.0,5.0,5.0,7.619788758288394,5.0,5.192184409447229,7.602059991327962,,5.0,5.0,5.0,5.0,5.0,5.0,5.0,5.0,5.0,5.0,5.0,5.0,5.521279117653081,5.0,5.384775539310863,5.0,5.0,5.0,5.0,5.0,5.0,5.0,5.0,6.531126164782245,5.0,5.0,5.0,5.853871964321762,6.046612584451862,5.0,5.0,5.0,5.0,5.0,5.0,5.0,5.0,5.0,5.0,5.0,5.0,5.008864383480216,5.0,5.0,5.0,5.0,5.0,5.0,5.0,5.0,5.0,5.0
25127112,5.0,6.79167974633086,5.0,5.0,5.0,5.721848749616356,5.151977318549908,5.0,5.0,6.090228032229065,5.0,5.0,6.2839966563652006,5.0,5.376750709602099,5.0,6.665609429576824,5.0,5.0,5.0,5.319535771613925,5.0,5.0,7.252922702990778,5.0,5.0,6.568636235841013,5.0,7.00436480540245,5.0,5.886056647693163,5.0,5.0,6.207947647405582,5.947212502634916,,5.20451734471645,6.799299729609228,5.0,,5.0,5.0,5.0,5.0,5.0,5.0,6.622062572163754,6.031517051446065,5.585026652029182,5.0,5.169546102055242,5.0,5.0,5.0,5.0,5.0,5.0,5.053667541247308,5.0,5.6020599913279625,5.06111783915264,6.698970004336019,5.0,5.0,5.0,5.0,5.0,5.823908740944319,5.0,5.0,5.0,5.0,5.0,5.0,6.318758762624412,5.0,6.481486060122113,5.0,5.349485002168009,5.0,5.0,5.0,5.0,5.468521082957745,,5.0,5.295114016114533,5.823908740944319,5.6777807052660805,5.0,5.0,5.344776009593297,6.643338747506486,6.4089353929735005,5.0,5.520479303839453,6.161150909262744,5.3191360819912035,5.0,5.425241376799737,5.84518491628705,5.0,5.739846222379427,5.0,6.537602002101044,5.0,5.386422255129397,5.986325196112622,5.0,5.0,5.0,5.0,5.0,6.972909491261207,5.0,5.747425010840047,5.657577319177793,6.585026652029182,5.0,5.0,5.0,5.0,5.5266983117350374,5.0,5.0,5.0,7.105562442112291,5.376750709602099,5.0,5.0,6.136677139879544,6.886056647693163,5.431798275933005,5.0,5.0,5.0,5.0,5.0,5.872984515015269,5.6020599913279625,5.0,5.0,5.0,5.0,5.920818753952375,5.644941317444092,5.0,5.0,5.0,5.0,5.0,5.124121249149449,5.0,,5.0,5.698970004336019,5.0,5.0,5.0,5.3979400086720375,5.0,5.958607314841775,5.0,5.0,5.0,5.0,5.0,5.0,5.0,5.0,6.443697499232713,6.3020994050648165,5.0,5.0,5.0,5.619788758288394,5.849485002168009,5.079689690656103,5.0,6.404353830455025,5.0,5.0,5.106389642128099,5.0,5.236432585570715,5.0,5.0,5.886056647693163,5.0,5.2482424982988976,5.2076083105017466,5.622062572163754,5.0,5.0201602491271275,5.0,5.559593203859604,5.429118384862106,5.0,5.0,5.0,5.236572006437063,6.327902142064283,5.481486060122113,5.0,5.154901959985743,6.309803919971486
11984591,5.0,7.506166867536863,7.5376020021010435,6.356547323513812,5.0,5.639300812239248,5.0,8.481486060122112,5.0,6.358349385648225,5.0,6.075720713938118,5.0,5.0,5.0,5.0,7.597378610338778,6.327902142064283,6.436766846786465,5.922331981267469,5.0,7.719449308175472,5.295352215897721,6.240479980675827,6.135741737525129,7.795880017344075,7.173925197299173,6.638272163982407,6.6020599913279625,5.337242168318426,5.0,6.769551078621726,7.481486060122113,5.946955371435341,5.633264977306929,,6.260100127320119,6.054231271163718,6.813912356942468,,5.106203038768085,5.0,7.851667404869234,6.6020599913279625,5.18837535480105,5.0,7.7875591816844665,5.0,7.154901959985743,5.2259269017553605,5.972524566379742,6.5267897353616044,7.5376020021010435,5.0,6.927868613119005,9.054739994642857,5.585026652029182,6.673335852617501,7.795880017344075,5.795880017344075,7.973663173248629,8.3767507096021,7.154901959985743,5.0,8.189411859112482,6.180456064458132,5.0,5.0,7.1918147638543655,8.031517051446064,5.136311797657833,5.309894379144197,5.721246399047171,7.0,5.958607314841775,7.366531544420414,6.2441251443275085,6.508638306165727,6.0138985808104675,6.792513326014591,7.074978717867211,5.0,5.193525151543791,6.031517051446065,,5.0,6.473333649225262,6.769551078621726,6.657577319177793,5.0,6.365010161677338,6.3719086252032335,5.0,6.481486060122113,5.0,5.792513326014591,5.443697499232713,7.03478020261665,5.0,5.0,7.762164405837785,5.0,6.895839327462968,5.0,8.013228265733755,7.886056647693163,5.875695999009964,7.880475453429904,5.3872161432802645,6.448104871308642,5.628569643379604,5.0,6.303651523370167,5.629424558194139,7.602059991327962,7.156012689982722,5.0,6.221848749616356,6.576213670428944,6.168392591352074,5.538741069877695,6.769551078621726,5.970410667394083,7.721246399047171,5.0,5.0,6.92539044367231,7.468521082957745,7.67778070526608,5.552841968657781,7.309803919971486,6.080921907623926,6.327902142064283,7.232324129661131,7.958607314841775,5.0,5.114573994178928,5.0,6.035412745980686,6.468521082957745,6.481486060122113,6.323908740944319,6.4048995480832245,6.920818753952375,5.468521082957745,5.2543191530828635,5.298455006504028,5.0,5.0,6.013228265733755,5.853871964321762,5.50084337217735,5.0,,5.296297212024422,6.6777807052660805,6.013228265733755,5.0,6.7447274948966935,5.0,5.0,6.769551078621726,5.0,5.0,5.0,5.261439372640169,5.212757387994135,6.721246399047171,6.261439372640169,5.0,6.045757490560675,6.558161445545617,5.6020599913279625,5.0,5.0,8.148741651280925,6.762164405837785,7.147213053588494,6.853871964321762,8.485161977976013,5.7447274948966935,7.387216143280264,5.0,6.585026652029182,5.012070724218148,6.180456064458132,5.468521082957745,7.031517051446065,6.420818753952375,6.00590958898681,7.494850021680094,5.51343607320015,5.0,7.047234491822038,5.0,6.315763580779819,7.523845995168937,8.366531544420413,5.0,6.0,6.721246399047171,7.0,5.113509274827518,5.0,8.079633382694096,8.769551078621726
17755052,6.698970004336019,5.0,5.0,5.0,5.0,5.55395269865476,5.0,5.0,6.886056647693163,5.0,5.0,5.0,5.0,5.0,5.0,6.522878745280337,5.285666875892183,5.0,5.0,5.0,5.0,5.0,5.0,5.0,5.0,5.0,5.3979400086720375,5.0,5.568636235841013,5.0,5.0,5.0,5.0,5.0,6.154817573607777,,5.0,5.020479303839453,5.0,,5.0,7.318758762624412,5.0,5.0,8.048455006504028,8.667683973477981,5.0,5.0,5.0,5.0,5.265293339114692,5.0,5.0,5.0,5.0,5.593551249444616,5.0,5.0,5.0,5.0,5.0,5.585026652029182,5.0,5.0,5.0,5.0,5.0,5.0,5.0,5.0,5.0,5.0,5.0,5.0,5.366531544420414,5.0,5.0,5.0,5.0,5.0,5.0,5.0,5.0,5.0,,5.0,5.0,5.0,5.0,5.0,5.0,5.0,5.0,5.0,5.0,5.210108201691595,5.0,5.0,5.0,5.0,5.0,5.0,5.0,5.0,5.0,5.0,5.0,5.0,5.0,5.0,5.0,5.0,5.0,5.0,5.0,5.0,5.2441251443275085,5.0,5.0,5.0,5.0,5.0,5.751091201350612,5.0,5.015758525723033,5.0,5.0,5.0,5.0,5.301029995663981,5.0,5.0,5.119186407719209,5.0,5.769551078621726,5.0,5.0,5.0,5.0,5.0,5.0,5.0,5.0,5.0,6.173925197299173,5.0,5.0,5.0,5.0,5.0,5.0,5.0,5.0,,5.25916989663204,5.0,5.0,5.0,5.0,5.0,5.0,5.0,5.0,5.0,5.0,5.0,5.0,5.0,5.0,5.0,5.0,5.165131076452682,5.0,5.0,5.0,5.0,5.0,5.705112052208703,5.0,5.0,5.0,5.0,5.263091072557821,5.0,5.0,5.0,5.0,5.0,5.0,5.0,5.0,5.0,5.0,5.0,5.0,5.0,5.309894379144197,5.0,5.0,5.0,5.0,5.0,5.0,5.0,5.0,5.958607314841775
10113978,5.0,5.0,6.036212172654444,5.0,5.0,5.0,5.0,5.0,5.0,5.412534203235778,5.0,5.0,5.0,5.0,5.537602002101044,5.0,5.0,5.0,5.615090597519948,5.0,5.0,7.711254100081387,5.722071875114506,5.0,5.0,7.853871964321762,6.026872146400302,6.327902142064283,6.698970004336019,5.0,5.0,5.0,6.619788758288394,6.570434579803248,5.0,,5.782835379476526,5.296559664975438,5.818194010053928,,5.0,5.0,8.504386962153752,5.0,5.0,5.0,5.0,5.0,5.0,5.0,5.697171660373783,5.0,5.0,5.0,5.240743030061056,5.793595238100913,5.0,5.0,5.0,5.0,7.7256328867411135,6.537602002101044,7.075720713938118,5.0,5.904274492767552,5.0,5.0,5.0,5.397127229528669,7.244125144327507,5.0,5.659379381312206,5.0,5.0,6.823908740944319,7.008773924307505,5.0,5.0,5.846787486224656,5.711254100081387,6.114672814019416,5.349485002168009,5.0,6.017728766960432,,5.0,5.099485002168009,5.0,5.0,5.0,5.0,6.182988724953543,5.0,5.0,5.0,5.0,5.0,5.0,5.0,5.0,5.0,5.0,5.0,5.0,5.229147988357856,5.136677139879544,5.0,5.0,5.0,5.1462566630072955,5.0,6.585026652029182,5.360623199523586,5.0,5.0,5.0,5.0,5.0,5.0,5.8505342988474105,5.0,5.0,5.0,5.327902142064283,5.0,5.0,5.768801001050522,5.0,5.0,5.0,5.0,5.0,5.0,5.671291390622846,6.096910013008056,5.0,5.0,5.0,5.0,5.0,5.522878745280337,5.0,5.0,5.0,6.214670164989233,5.0,5.0,5.0,5.390959338239811,6.236572006437063,5.0,5.166666666666667,5.356547323513812,,5.184163750790475,5.0,5.0,5.309894379144197,5.721246399047171,5.0,5.0,5.0,5.0,5.0,5.0,5.0,5.0,5.0,5.0,5.0,5.0,5.369859660399695,5.0,5.0,5.0,5.0,5.0,5.3550541008457975,5.0,5.986173673586751,5.0,6.318758762624412,5.0,6.008773924307505,5.0,5.0,5.0,5.0,5.77642098432889,5.538788043879374,5.0,5.0,5.0,5.424560129296409,5.0,5.0,5.0,6.537602002101044,5.0,5.0,5.0,5.0,5.0,5.0,5.0,6.443697499232713
25243800,8.522878745280337,6.153576540361385,5.920818753952375,5.0,5.0,5.740743030061056,5.617957321440588,5.0,6.657577319177793,5.906239639581768,5.879351306445003,5.0,5.0,5.0,5.6020599913279625,6.823908740944319,6.730541644273603,5.0,5.0,5.0,5.0,6.270303756120384,6.399806792810289,5.0,5.827032415067322,5.920818753952375,8.292429823902063,5.0,6.494850021680094,5.0,5.537602002101044,5.0,7.075720713938118,6.534931986879383,6.621622449541075,,6.4954959818403095,5.508864383480216,5.328788659588897,,5.099485002168009,7.376750709602099,6.882741358243656,5.0,7.214728530059051,6.642270439270524,5.154901959985743,7.050609993355087,5.017728766960431,5.0,5.255667963202615,6.008177483343513,5.0,5.0,5.6243604480083285,5.827149435538039,5.0,6.155227127219424,5.0,5.0,5.954672667820102,7.154901959985743,7.113509274827518,5.0,5.0,5.0,6.292429823902063,5.795880017344075,6.389423339022647,6.130768280269024,5.0,5.0,5.0,5.0,6.200659450546418,5.214670164989233,5.0,6.055517327849832,6.33889035263304,5.0,6.234895700744202,5.721848749616356,5.0,6.026872146400302,,5.7447274948966935,5.051902077625437,5.0655015487564325,6.537602002101044,7.6153113369619305,5.0,5.617132448397968,5.0,5.585026652029182,5.0,5.3191360819912035,6.2839966563652006,5.0,5.318758762624412,6.379090823894008,5.0,5.0,6.080867990402325,5.0,5.431798275933005,5.0,5.0,5.727965977824862,5.0,5.663852814355321,5.107949568983251,5.0,6.372363747448347,5.06295299324845,5.920818753952375,5.221848749616356,6.769551078621726,6.086186147616283,5.475390988664909,5.507626248426779,5.0,5.0,5.784467155171741,5.0,5.0,5.0,6.127150386698747,5.537602002101044,5.0,5.657577319177793,5.795880017344075,5.0,7.229147988357856,6.335651189448337,6.0,5.0,5.0,5.210108201691595,5.628463005255942,5.0,6.6020599913279625,5.0,5.164950007226698,5.0,5.040958607678906,5.0,5.050544672158995,5.537602002101044,5.0,7.113509274827518,6.301029995663981,7.840619124748723,6.318758762624412,,5.0,5.0,5.346787486224656,7.931956951307951,5.657577319177793,5.0,5.0,5.0,5.40135972093719,5.0,5.0,5.292513326014591,5.671674291194836,5.494850021680094,5.0,5.195008884009727,5.552841968657781,5.27463624698144,5.0,5.0,5.0,5.00436480540245,5.630055672457728,5.0,5.366531544420414,7.410287952475979,5.0,8.136677139879543,6.094713803099653,5.0,5.143932758644335,5.0,5.0,5.0,5.55395269865476,5.36383832704045,5.0,5.559593203859604,5.988858748171016,5.0,5.0,6.985105264584072,5.973845450176338,5.537602002101044,5.0,5.0,5.0,7.036212172654444,5.259637310505756,5.0,5.0,5.3979400086720375
24180719,5.0,5.0,5.0,5.0,5.0,5.234260541478872,5.0,5.886056647693163,5.0,5.0,5.0,5.0,5.0,5.0,5.0,5.0,5.0,5.0,5.0,5.0,5.0,5.33889035263304,5.250267214202963,5.0,5.0,5.721246399047171,5.0,5.537602002101044,5.0,5.0,5.0,5.0,5.292429823902063,5.0,5.191298523967831,,5.631051348411608,5.0,5.0,,5.0,5.0,6.710108201691595,5.0,5.0,5.0,5.0,5.0,5.958607314841775,5.0,5.355167182918811,5.0,5.0,5.0,5.0,5.438938560466432,5.0,5.0,5.0,5.0,5.799498802002238,5.455931955649724,5.0,5.0,5.0,5.0,5.0,5.0,6.002621527706186,5.619788758288394,5.0,5.247425010840047,5.0,5.0,5.0,5.3872161432802645,5.0,5.0,5.0,5.221848749616356,5.156872487312987,5.0,5.0,5.920818753952375,,7.387216143280264,5.0,5.0,5.0,5.0,5.0,6.750345712914613,5.045757490560676,5.0,5.0,5.0,5.0,5.0,5.0,5.0,5.0,5.0,5.0,5.0,5.0,5.0,5.0,5.0,5.0,5.0,5.0,5.292429823902063,5.0,5.0,5.0,5.0,5.0,5.6020599913279625,5.0,5.88376860324482,5.0,6.721246399047171,5.191370679121828,5.0,5.0,5.0,5.0,5.0,5.0,5.267606240177032,5.0,5.0,5.568636235841013,6.406136195231448,5.0,5.0,5.0,5.0,5.0,5.0,6.050609993355088,5.0,5.284623988107254,5.0,6.113509274827518,5.20446769648675,5.0,5.0,5.0,6.366531544420414,5.0,5.0847730510276214,5.0,,5.0,5.0,5.0,5.247425010840047,5.0,5.0,5.0,5.0,5.938074179516457,5.0,5.142667503568732,5.0,5.0,5.0,5.0,5.0,5.0,5.240415466349057,5.0,5.0,5.0,5.0,5.0,5.0,5.0,5.0,5.0,9.795880017344077,5.0553165918971805,5.301029995663981,5.0,5.0,5.0,5.0,5.0,5.573748799682391,5.0,5.0,5.0,5.4134440517701234,5.0,6.109122312673765,5.0,5.0,5.0,5.0,5.0,5.0,5.0,5.0,5.0,5.721246399047171
9884685,7.920818753952375,5.0,5.0,5.0,5.0,5.411954370472159,5.2482424982988976,5.0,8.0,5.0,5.0,5.0,5.0,5.0,5.0,7.387216143280264,5.566036427016881,5.0,5.0,5.0,5.0,5.0,5.0,5.0,5.0,5.0,6.031517051446065,5.0,5.0,5.0,5.0,5.0,5.0,5.0,6.175908789462961,,5.0,5.0,5.0,,5.0,7.795880017344075,5.0,5.0,8.269551078621726,8.705941542781142,5.0,5.0,5.0,5.0,5.0,5.0,5.0,5.0,5.0,5.139125069036363,5.0,5.0,5.0,5.0,5.0,5.0,5.0,5.0,5.0,5.0,5.0,5.0,5.0,5.0,5.0,5.0,5.0,5.0,5.0,5.0,5.0,5.0,5.0,5.0,5.0,5.0,5.0,5.455931955649724,,5.0,5.0,5.0,5.0,5.0,5.0,5.535890814005486,5.0,5.0,5.0,5.122062572163754,5.0,5.384775539310863,5.0,5.0,5.0,5.0,5.0,5.0,5.0,5.0,5.0,5.0,5.0,5.0,5.0,5.0,5.0,5.0,5.0,5.0,5.0,5.0,5.0,5.151977318549908,5.0,5.0,5.224430172959278,5.0,5.0,5.0,5.0,5.0,5.0,5.0,5.0,5.0,5.3872161432802645,5.0,5.0,5.0,5.0,5.0,5.0,5.0,5.0,5.0,5.0,5.0,6.113509274827518,5.0,5.0,5.0,5.0,5.0,5.0,5.0,5.0,,5.0,5.0,5.0,5.0,5.0,5.0,5.0,5.0,5.0,5.0,5.0,5.0,5.0,5.0,5.0,5.0,5.0,5.0,5.0,5.0,5.0,5.0,5.0,5.0,5.0,5.0,5.0,5.0,5.0,5.0,5.0,5.0,5.0,5.0,5.603804155250874,5.0,5.0,5.0,5.0,5.0,5.0,5.0,5.4026041211390385,5.0,5.0,5.0,5.0,5.0,5.142667503568732,5.0,5.0,5.0
10461815,5.0,5.0,5.522878745280337,5.0,5.0,5.051186454354779,5.0,5.468521082957745,5.0,5.284318117920506,5.0,5.7447274948966935,5.0,5.0,5.0,5.0,5.113982988912431,5.698970004336019,9.281126056493683,5.3191360819912035,5.0,5.426935982160881,6.554513422050491,5.030240373690691,5.0,5.0,7.107905397309519,5.0,5.886056647693163,5.455931955649724,5.0,5.0,6.455931955649724,6.541530822230405,7.050998418648287,,5.254013557838716,6.911376081872188,5.547371975625774,,5.0,5.0,5.710108201691595,5.721246399047171,5.0,5.0,5.761439372640169,5.2076083105017466,5.0,5.0,5.179200667367015,5.068155898828917,6.040958607678906,5.585026652029182,6.422331981267469,6.563430467895849,5.0,5.0,5.0,5.0,5.5860172961895564,6.3872161432802645,6.537602002101044,5.834387609489633,5.0,5.0,5.0,5.769551078621726,5.301029995663981,7.154901959985743,5.0,6.706088414340522,5.698970004336019,5.0,5.0,5.119186407719209,6.031517051446065,5.0,6.1338031200885155,5.0,5.11359866254608,5.508864383480216,5.128258513103621,5.0,,5.0,5.110924374808178,6.494850021680094,5.0,5.0,5.0,5.0,5.929118384862106,5.0,5.0,5.0,5.0,5.0,5.3872161432802645,5.0,6.084065112859749,5.0,5.195008884009727,5.853871964321762,5.795880017344075,5.0,6.494708718762773,5.040460953811963,5.0,5.0,5.0,5.823908740944319,5.77642098432889,5.426273272348702,5.0,6.124283459090327,5.0,5.346787486224656,5.0,5.0,5.0,5.0,5.74189769559813,5.0,6.224275001013563,5.0,5.256572322361528,5.0,5.0,5.886056647693163,5.275724130399211,5.0,5.0,5.473901848012025,6.214670164989233,5.0,5.309894379144197,7.165248582947829,6.516676063144369,6.327902142064283,5.0,6.311073790496622,5.498736438980939,5.0,5.0,5.0,5.505569098677788,5.0,5.0,5.0,5.0,5.0,5.0,,6.00330397104623,6.4089353929735005,6.075720713938118,5.0,5.0,5.0,5.0,5.0,5.0,5.0,5.0,5.360623199523586,5.0,5.0,5.0,5.0,6.096910013008056,5.500563148736799,5.0,5.0,5.0,5.0,5.0,5.0,5.6020599913279625,6.256848726980074,5.0,5.853871964321762,5.206036036908363,6.221848749616356,5.140072134461064,5.060480747381382,5.585026652029182,5.0,5.3979400086720375,5.0,5.3979400086720375,5.670517578667782,5.0,5.740616249872119,5.0,5.98369061957464,5.1259059864969,5.0,5.7447274948966935,5.6777807052660805,5.0,5.0,6.886056647693163,5.0,5.0,5.318758762624412
447077,5.0,5.208684280255182,5.0,5.0,5.0,5.0,5.614887987511646,7.585026652029182,5.0,5.0,5.0,7.251811972993799,5.0,6.6020599913279625,5.0,5.0,5.0,5.6020599913279625,6.036703432250469,5.0,5.0,6.145959594765884,6.214632540628867,5.0,5.885234319177561,7.638272163982407,6.619788758288394,6.537602002101044,8.086186147616283,5.0,7.00436480540245,5.080921907623926,5.431798275933005,6.285665899202887,5.0,,8.485119213831684,5.0,6.236830361305078,,5.0,5.0,8.55284196865778,5.0,5.0,5.0,5.0,5.0,7.568636235841013,5.0,7.841346136935859,7.3400150365560775,5.301029995663981,5.0,5.0,5.955860763613974,5.0,8.161827052102979,5.0,5.0,7.591867128759841,5.0,5.7447274948966935,5.0,5.767680720452484,5.0,5.0,5.0,7.886056647693163,8.619788758288394,5.0,6.523603778477954,6.346787486224656,5.0,5.0,7.920818753952375,5.200659450546418,7.327902142064283,6.299299729609228,5.811711521471744,7.13641029351636,6.7875591816844665,5.697858910505488,5.0,,6.522878745280337,5.283783271417868,5.0,5.0,5.259565538156416,5.0,8.079648210607909,5.0,5.0,5.0,5.0,5.0,5.0,5.0,5.0,5.0,6.36407919673175,5.0,5.0,5.0,6.050609993355088,5.0,5.33889035263304,5.0,6.5431576817365436,5.0,5.455931955649724,5.0,5.0,6.443697499232713,5.0,5.0,5.0,6.804797421759959,6.538458673425912,7.196433397804215,5.522878745280337,5.0,6.3872161432802645,5.0,5.0,6.283595497483416,5.0,5.0,5.0,5.0,5.0,5.0,8.193570716180867,5.0,5.0,5.0,5.0,5.0,5.0,6.568636235841013,5.0,5.0,5.0,5.0,5.0,5.0,5.0,5.0,7.795880017344075,6.443697499232713,6.994359920300888,7.455931955649724,,5.0,5.0,5.0,8.020479303839453,5.0,5.0,5.0,5.0,5.0,7.356547323513813,5.0,5.590228032229065,5.507626248426779,6.657577319177793,5.0,5.0,5.0,5.0,5.0,5.0,5.0,5.0,5.0,5.20597718523608,5.0,6.161578632824122,5.0,7.236572006437063,5.0,6.958607314841775,5.51362634371682,5.1938200260161125,5.0,5.0,5.8191360819912035,5.62290073446746,5.0,5.0,5.0,5.097476607967354,5.0,5.901084153335549,5.0,6.3872161432802645,5.0,5.0,5.958607314841775,5.2839966563652006,5.0,5.0,5.0,5.0
9915743,5.0,5.0,5.0,5.0,5.0,5.0,5.0,7.017728766960432,5.0,5.0,5.0,7.4089353929735005,5.259637310505756,5.0,5.0,5.0,5.239651828710444,5.075720713938118,5.316205305191104,5.261439372640169,5.0,5.0,6.957653342181639,5.0,8.831326550811173,5.0,7.795880017344075,5.275724130399211,6.6020599913279625,5.337242168318426,5.0,5.0,7.180456064458132,5.125583569867366,5.0,,5.166362388732739,5.0,5.965907069126919,,5.0,5.0,5.0,5.721246399047171,5.0,5.0,5.0,5.0,6.167491087293763,5.0,5.1842806562192605,5.0,5.096910013008056,5.0,6.559593203859604,5.231015808664112,5.0,5.0,5.0,5.0,5.130436133033241,5.0,7.886056647693163,6.281283278101014,5.286907087377744,5.0,5.1938200260161125,5.0,6.069531689649953,5.0,5.888194073582151,8.650297959092331,5.0,5.0,5.0,5.0,5.0,5.0,6.84454718531193,6.26078890612996,5.0,5.0,5.0,5.0,,5.823908740944319,5.0,5.0,5.0,5.0,5.0,5.0,5.0,5.0,5.0,5.0,5.0,5.0,5.0,5.0,5.0,5.0,5.0416462455361,5.0,5.638272163982407,5.0,5.0,5.0,5.0,5.079689690656103,5.0,5.0,5.0,5.0,5.0,6.33889035263304,5.795880017344075,5.0,5.0,5.0,5.636636395486714,5.0,5.0,5.292429823902063,5.0,5.0,6.6164220669589096,5.0,5.0,5.823908740944319,5.0,5.0,5.0,5.951555144900755,5.0,5.0,5.0,5.0,5.0,5.0,5.0,5.0,6.260051204658546,5.0,5.0,5.0,5.0,6.070581074285707,5.0,5.0,5.346787486224656,5.0,5.0,,5.127654432796481,5.0,6.026872146400302,5.0,5.0,5.0,5.0,5.619788758288394,5.0,5.0,5.0,6.9026041211390385,5.0646066753387045,6.795880017344075,5.0,5.0,5.0,5.083937324331266,5.2441251443275085,5.0,5.0,5.0,5.0,5.270886512862519,5.0,5.0,5.0,7.200659450546418,5.260851923409814,6.6020599913279625,8.07955789252618,5.0,5.0,5.0,5.0,5.425241376799737,6.468521082957745,5.0,5.0,5.0,5.0,7.719449308175472,5.0,5.267606240177032,5.0,5.0,5.0,5.0,5.292429823902063,5.0,5.0,5.0
11667893,5.0,5.0,5.0,6.522878745280337,5.0,5.0,5.0,5.356547323513812,5.0,5.0,5.0,5.0,5.0,5.0,5.0,5.0,5.0,5.0,5.0,5.0,5.0,7.799127458881468,5.078857335479021,5.0,5.363451010968496,7.920818753952375,6.698970004336019,5.0,5.0,5.0,5.0,5.0,5.886056647693163,5.0,5.0,,5.384253133200026,5.0,5.0,,5.0,5.0,8.020479303839453,5.0,5.0,5.0,5.0,5.0,5.0,5.0,5.0,5.218300653328581,5.0,5.0,5.0,6.0234622129455335,5.0,5.0,5.0,5.0,7.838299789899657,5.0,5.958607314841775,5.0,5.0,5.0,5.0,5.0,5.0,6.585026652029182,5.0,5.0,5.0,5.0,5.0,5.0,5.0,6.657577319177793,5.0,5.0,5.075019879559102,5.0,5.0,5.0,,8.096910013008056,5.0,5.0,5.0,5.0,5.0,6.269672915684676,5.0,5.0,5.0,5.0,5.0,5.0,5.0,5.0,5.0,5.0,5.0,5.0,5.0,5.0,5.0,5.0,5.0,5.0,5.0,5.0,5.0,5.0,5.0,5.0,5.0,5.0,5.0,5.0,5.0,5.0,5.0,5.0,5.0,5.0,5.419465807264412,5.0,5.0,5.0,5.886056647693163,5.0,5.0,5.739022213667386,5.0,5.0,5.0,5.0,5.0,5.0,5.0,5.0,5.0,5.0,5.0,5.0,5.0,5.0,5.0,5.031517051446065,5.267606240177032,5.0,5.0,,5.0,5.0,5.0,5.0,5.0,5.0,5.0,5.0,5.0,5.0,5.0,5.0,5.0,5.0,5.0,5.0,5.0,5.0,5.0,5.0,5.0,5.0,5.0,5.0,5.0,6.388210492164445,5.0,5.0,5.0,5.0,5.0,5.0,5.0,5.0,5.0,5.0,5.0,5.0,5.0,5.240415466349057,5.0,5.0,5.0,5.0,5.0,5.0,5.0,5.0,5.0,5.0,5.0,5.0
11712649,5.0,5.0,5.508638306165727,5.0,5.0,5.0,5.0,5.0,5.0,5.0,5.0,5.0,5.0,5.0,5.0,5.0,5.783118397200064,5.0,5.0,5.0,5.0,5.2543191530828635,5.0,5.0,5.045911336513081,6.0,5.0,5.0,5.0,5.0,5.0,5.0,5.0,5.0,5.0,,5.652910240151564,5.0,6.159379381312206,,5.0,5.0,5.0,5.0,5.0,5.0,5.0,5.0,5.0,5.0,5.6458060052572785,5.744532446726821,5.698970004336019,5.0,6.246612231696679,5.003182342101594,5.0,6.026529612272395,5.0,5.0,5.0,6.3872161432802645,5.431798275933005,5.0,5.0,5.0,5.0,5.0,5.384775539310863,5.376750709602099,5.0,5.0,5.508638306165727,5.0,5.0,5.0,5.0,5.0,5.0,5.178273661756906,5.6392430477111315,5.0,5.0,5.0,,5.0,5.0,5.0,5.0,5.0,5.0,5.0,5.0,5.0,5.0,5.0,5.0,5.0,5.0,5.0,5.0,5.0,5.0,5.0,5.0,5.0,5.0,5.0,5.0,5.4113288615113175,5.0,5.0,5.0,5.0,5.619788758288394,5.0,5.0,5.0,5.0,5.0,5.0,5.0,5.283280546415625,5.0,5.0,5.0,5.0,5.0,5.0,5.0,5.0,5.0,5.0,6.04739645735919,5.853871964321762,5.0,5.0,5.0,5.0,5.0,5.0,5.0,5.0,5.0,5.0,5.0,5.0,5.0,5.0,5.0,5.0,5.0,5.0,,5.0,5.0,5.0,5.0,5.0,5.0,5.0,5.0,5.0,5.0,5.0,5.0,5.0,5.376750709602099,5.0,5.0,5.0,5.0,5.0,5.0,5.0,5.0,5.0,5.0,5.0,5.0,5.0,5.0,5.0,5.0,5.0,5.0,5.0,5.0,5.0,5.0,6.721246399047171,5.0,5.0,7.712881613268913,5.0,5.0,5.0,5.0,5.0,5.0,5.0,5.0,5.0,5.0,5.0,5.0
9929127,5.0,5.0,5.0,5.0,5.0,5.0,5.0,5.0,5.0,5.0,5.0,5.0,5.0,5.0,5.0,5.0,5.0,5.0,5.0,5.0,5.0,5.0,5.0,5.0,5.0,5.0,5.0,5.0,5.0,5.0,5.0,5.0,5.0,5.0,5.0,,5.0,5.0,5.0,,5.0,5.0,5.0,5.0,5.0,5.0,5.0,5.0,5.0,5.0,5.0,5.0,5.0,5.0,5.0,5.0,5.0,5.0,5.0,5.0,5.0,5.0,5.0,5.0,5.0,5.0,5.0,5.0,5.0,5.0,5.0,5.0,5.0,5.0,5.0,5.0,5.0,5.0,5.0,5.0,5.0,5.0,5.0,6.568636235841013,,5.0,5.0,5.0,5.0,5.0,5.0,5.0,5.0,5.0,5.0,5.33889035263304,5.0,6.860623199523586,5.0,5.0,5.0,5.0,5.0,5.0,5.0,5.0,5.0,5.0,5.0,5.0,5.0,5.0,5.0,5.0,5.0,5.0,5.0,5.0,5.0,5.0,5.0,5.0,5.70802304749963,5.0,5.0,5.0,5.0,5.0,5.0,5.0,5.0,5.0,5.0,5.0,5.0,5.0,5.0,5.0,5.0,5.0,5.0,5.0,5.0,5.0,5.0,5.0,5.0,5.0,5.0,5.0,5.0,5.0,5.0,,5.0,5.0,5.0,5.0,5.0,5.0,5.0,5.0,5.0,5.0,5.0,5.0,5.0,5.0,5.0,5.0,5.0,5.0,5.0,5.0,5.0,5.0,5.0,5.0,5.0,5.0,5.0,5.0,5.0,5.0,5.0,5.0,5.0,5.0,5.0,5.0,5.0,5.0,5.0,5.0,5.0,5.0,5.0,5.0,5.0,5.0,5.0,5.0,5.0,5.0,5.0,5.0
11485656,5.0,5.0,5.0,5.0,5.0,5.0,5.0,5.0,5.0,6.027758663924915,5.247425010840047,5.0,5.0,5.080921907623926,5.0,5.0,5.0,5.119186407719209,5.87741140299503,5.0,5.0,7.943697499232712,5.1842806562192605,5.600329725273209,5.012472442890476,8.1249387366083,6.6020599913279625,5.0,5.638272163982407,5.4089353929735005,5.0,5.0,6.346787486224656,6.026625557903092,5.212757387994135,,5.087724366609292,5.0,6.652697400533215,,5.361832945971951,5.0,8.548998554324635,5.0,5.0,5.0,5.0,5.107905397309519,5.0,5.0,6.463625117431235,5.8529790133716615,5.0,5.0,6.264500915169563,8.435769092306495,5.0,5.3274509799928715,5.0,5.0,7.95288433868853,5.638272163982407,6.337242168318426,5.0,5.0,5.0,5.0,5.0,5.0,7.236572006437063,5.0,5.7679043146795,5.0,8.0,5.0,5.42021640338319,6.6777807052660805,5.0,5.540460953811963,5.0,5.0,5.27642098432889,5.238633045988834,5.0,,5.0,5.0,5.508638306165727,5.0,5.0,5.0,5.0,5.0,5.0,5.0,5.0,5.0,5.0,5.552841968657781,5.0,5.0,5.0,5.0,5.0,5.0,5.0,5.0,5.035290537142854,5.0,5.0,5.040287727315686,5.552841968657781,5.0,5.0,5.0,5.0,5.0,5.0,5.0,5.109300714021427,5.0,5.0,5.211622502674791,5.0,5.0,5.0,5.0,5.0,5.0,7.337242168318426,5.0,5.0,5.0,5.0,5.0,5.0,5.0,5.0,5.0,5.0,5.0,5.0,5.0,5.0,5.0,5.0,5.138210492164445,5.0,5.4517188504113845,5.0,5.0,5.191456941880154,5.0,,5.1105683937315565,5.0,5.42021640338319,5.0,5.0,5.0,5.0,5.0,7.076522337490088,5.0,5.721246399047171,5.83889035263304,5.920818753952375,5.0,5.0,5.0,5.958607314841775,5.0,5.0,5.0,5.0,5.0,5.939220077906249,5.671322576761207,5.0,6.80041331496579,5.0,5.920818753952375,5.0,5.0,5.026973969207975,5.0,5.0,5.0,5.0,5.0,5.0,5.0,5.0,6.451185687199501,5.0,5.0,5.0,5.0,5.522878745280337,5.0,5.0,5.0,5.537602002101044,7.42021640338319,5.0,5.0
208908,5.0,5.0,5.0,5.0,5.0,5.0,5.0,5.0,6.173925197299173,5.0,5.0,5.0,5.0,5.0,5.0,5.1249387366083,5.0,5.0,5.0,5.0,5.0,5.0,5.0,5.0,7.83465242296024,5.0,5.0,5.0,5.0,5.0,5.0,5.0,5.481486060122113,5.0,5.0,,5.0,5.0,5.0,,5.0,5.0,5.0,5.0,5.0,5.0,5.0,5.0,5.0,5.0,5.0,5.0,5.0,5.0,5.0,5.0,5.0,5.0,5.0,5.0,5.0,5.0,5.356547323513812,5.0,5.0,5.0,5.0,5.0,5.0,5.0,5.0,5.0,5.0,5.0,5.0,5.0,5.0,5.0,5.0,5.0,5.0,5.0,5.0,6.026872146400302,,5.0,5.0,5.0,5.0,5.0,5.0,5.0,5.0,5.0,5.0,5.0,5.0,5.0,5.0,5.0,5.0,5.0,5.0,5.0,5.0,5.0,5.0,5.0,5.0,5.0,5.0,5.0,5.0,5.0,5.0,5.0,5.0,5.0,5.0,5.0,5.0,5.0,5.0,5.0,5.0,5.0,5.0,5.0,5.0,5.0,5.0,5.0,5.0,5.0,5.0,5.0,5.0,5.0,5.0,5.0,5.0,5.0,5.0,5.0,5.0,5.0,5.0,5.0,5.0,5.443697499232713,5.0,5.0,5.0,,5.0,5.0,5.0,5.0,5.0,5.0,5.0,5.0,5.0,5.0,5.0,5.0,5.0,5.0,5.0,5.0,5.0,5.0,5.0,5.0,5.0,5.0,5.0,5.0,5.0,5.0,5.0,5.958607314841775,5.0,5.0,5.0,5.0,5.0,5.0,5.0,5.118849107837938,5.0,5.0,5.0,5.0,5.0,5.0,5.0,5.0,5.0,5.0,5.0,5.0,5.0,5.0,5.0,5.0
11427553,5.0,6.90135972093719,5.0,6.187086643357144,5.0,6.450159679445375,5.140072134461064,6.481486060122113,5.0,6.108334118556288,5.67630851494269,5.795880017344075,5.0,5.6777807052660805,5.0,5.0,6.753955515729887,6.091514981121351,6.563818976071772,6.217076090663241,5.0,6.403437700822769,7.545462673369285,6.56246936830415,5.2333501369633515,7.136677139879544,8.2839966563652,5.0,6.585026652029182,6.376750709602099,5.638272163982407,5.508638306165727,7.886056647693163,5.5815758316322315,6.375327432045938,,6.877848047584605,7.668243764792422,6.240743030061056,,5.873120361105894,5.0,7.20446769648675,5.6777807052660805,5.0,5.0,7.080890389046187,6.431798275933005,5.795880017344075,5.0,5.829372213007042,5.3721406889863035,6.119186407719209,6.568636235841013,6.434833115752497,7.797621928919189,6.055517327849832,6.069233616277758,6.2839966563652006,5.455931955649724,7.114863471073395,7.67778070526608,7.886056647693163,6.737477596481577,6.231090452463363,6.236572006437063,6.180456064458132,5.0,6.212868585146486,5.494850021680094,5.9508776307354045,6.70446769648675,5.0,6.698970004336019,6.958607314841775,5.6777807052660805,6.6020599913279625,5.0,7.579633382694096,6.041773025725037,6.122862447362254,7.825264100392806,5.237084700027129,5.0,,6.236572006437063,6.357255745659696,6.568636235841013,6.886056647693163,5.821032576499773,5.656681865368853,5.0,5.349485002168009,7.086186147616283,5.0,6.385799820648497,6.096910013008056,6.555629519658554,6.508638306165727,5.0,6.677288865325454,5.129818655252878,6.039633593870327,6.337242168318426,7.318758762624412,5.638272163982407,7.260838685262031,5.0,5.0,5.8944017909431565,5.380719686320084,7.1938200260161125,6.146214911951032,5.099485002168009,6.236572006437063,6.1338031200885155,6.6777807052660805,7.0655015487564325,5.0,5.0,5.440372055361031,5.0,6.685687326983853,6.173925197299173,5.328788659588897,5.0,7.031743128760553,6.619788758288394,6.026872146400302,6.0,7.443697499232713,5.0,6.4089353929735005,5.966969516809685,6.619788758288394,5.0,5.426935982160881,6.502841423665181,5.816590548981636,7.327902142064283,5.0,6.361539433967113,5.861219703141839,6.187086643357144,5.301029995663981,5.910080535988406,5.7953676505844,7.022276394711152,5.0,5.431798275933005,6.200659450546418,5.749322852886884,5.0,,5.689535141216332,7.214670164989233,6.853871964321762,6.463324148806549,5.443697499232713,5.0,5.522878745280337,6.0,5.0,5.0,7.017728766960432,5.6259059864969,5.118849107837938,6.0,5.0,5.0,6.853871964321762,5.935792266662351,6.1487416512809245,5.0,5.920818753952375,6.920818753952375,5.4604093769761874,6.291818498580383,6.167491087293763,7.265918698577012,5.958607314841775,6.920818753952375,5.833994268974716,5.275724130399211,5.761248724701321,5.958607314841775,6.619788758288394,6.236572006437063,6.01343607320015,5.896082046314748,8.537602002101044,6.765826334793921,5.0,6.823917319854943,5.0,6.1731526023424586,6.279545458967391,6.187086643357144,5.0,5.638272163982407,6.638272163982407,6.823908740944319,6.721246399047171,5.0,6.799299729609228,7.5376020021010435
4908365,5.0,6.576522337490088,5.346787486224656,5.0,5.0,6.144814367869619,5.0,7.091514981121351,5.0,5.537860356969059,5.0,5.173925197299173,5.0,5.0,5.0,5.0,5.305597989323577,5.0,5.609582526918824,6.220046687481943,5.23299000144534,6.246072064152084,6.923098562129144,5.0,5.184241061825625,7.275724130399211,7.4089353929735005,5.0,6.060480747381382,5.920818753952375,5.0,5.0,6.142667503568732,5.475709465933174,5.28054583596825,,5.971170316334005,6.568934310343481,5.0,,5.289816691347048,5.0,7.560739102249396,5.431798275933005,5.0,5.0,6.034016942635914,6.508638306165727,6.060480747381382,5.0,5.594172018595365,5.230850861044728,6.119186407719209,5.060480747381382,7.670612839577823,8.040418762399321,5.327902142064283,5.436669376367021,5.0,5.2441251443275085,7.956272012161118,7.508638306165727,5.769551078621726,6.579633382694096,5.0,5.619788758288394,6.130768280269024,5.0,5.9604093769761874,8.0268721464003,6.3967864979688684,6.560739102249396,5.0,5.251811972993799,7.468521082957745,7.0,7.167491087293763,5.0,6.809442459645075,6.439713034397075,5.530823357413658,6.18837535480105,5.0,5.0,,5.0,5.374588828621366,7.251811972993799,5.0,5.0,5.0,5.0,5.040460953811963,5.853871964321762,5.0,5.0,5.0,5.0,5.0,5.0,6.1069793948787225,5.0,5.820978952406127,5.0,6.657577319177793,5.0,5.549659049138626,5.0,5.0,6.0188216591147,5.0,6.619788758288394,5.614573994178928,5.0,5.657577319177793,6.262164405837785,5.958607314841775,5.0,5.0,5.0,5.0,5.0,5.739671571163535,5.045757490560675,5.0,5.0,6.861539433967113,6.769551078621726,5.0,5.0,8.142667503568731,5.0,5.0,6.248980596704811,5.0,5.0,5.0,5.27642098432889,5.837771515138601,5.638272163982407,5.698970004336019,7.543093073808142,5.477266091977668,5.4089353929735005,5.0,5.0,5.075257498915995,5.0,5.0,5.0,5.494850021680094,6.253431230465909,5.0,,5.0,5.698970004336019,6.107905397309519,5.0,5.0,5.0,5.0,5.0,5.0,5.0,5.0,7.057319389984244,5.0,7.113509274827518,6.2814419534759605,5.0,6.920818753952375,5.1293547916532924,8.00436480540245,5.0,5.0,6.045757490560675,5.0,5.88864565755852,6.0655015487564325,8.557943215061714,5.0,7.00436480540245,5.0,5.0,5.702412588461395,5.0,5.0,5.508638306165727,5.2158991379665025,5.321123701545946,6.568636235841013,5.9993495334897915,5.8718105177019595,5.3534935824604615,5.0,6.537860356969059,5.103804155250874,5.0,5.0,5.494850021680094,5.958607314841775,6.443697499232713,5.0,5.0,5.0,7.744727494896693
11617559,5.0,5.0,5.0,5.0,5.0,5.0,5.0,5.0,5.0,5.0,5.0,5.0,5.0,5.0,5.0,5.0,5.0,5.0,5.0,5.0,5.0,5.0,5.0,5.0,5.0,5.0,5.0,5.0,5.0,5.0,5.0,5.0,5.0,5.0,5.0,,5.0,5.0,5.0,,5.0,5.0,5.0,5.0,5.0,5.0,5.0,5.0,5.0,5.0,5.0,5.0,5.0,5.0,5.0,5.0,5.0,5.0,5.0,5.0,5.406397479908644,5.0,5.0,5.0,5.0,5.0,5.0,5.0,5.0,5.0,5.0,5.0,5.0,5.0,5.0,5.0,6.920818753952375,5.0,5.0,5.0,5.0,5.0,5.0,5.0,,5.0,5.0,6.200659450546418,5.0,5.0,5.0,5.0,5.0,5.0,5.0,5.0,5.0,5.0,5.0,5.0,5.0,5.0,5.0,5.0,5.0,5.0,5.0,5.0,5.0,5.0,5.0,5.0,5.0,5.0,5.0,5.0,5.0,5.0,5.0,5.0,5.0,5.0,5.0,5.0,5.0,5.0,5.0,5.0,5.0,5.0,5.0,5.0,5.0,5.0,5.0,5.0,5.0,5.0,5.0,5.0,5.0,5.0,5.0,5.0,5.0,5.0,5.0,5.0,5.0,5.0,5.0,5.0,5.0,,5.0,5.0,5.0,5.0,5.0,5.0,5.0,5.0,5.0,5.0,5.0,5.0,5.0,5.0,5.0,5.0,7.443697499232713,5.0,5.0,5.0,5.0,5.0,5.0,5.0,5.0,5.0,5.0,5.0,5.0,5.0,5.0,5.0,5.0,5.0,5.0,5.0,5.0,5.0,5.0,5.0,5.0,5.0,5.0,5.0,5.0,5.0,5.0,5.0,5.0,5.0,5.0,5.0
16725726,5.0,5.0,5.0,6.698970004336019,5.0,5.0,5.0,5.0,5.0,5.0,5.0,5.0,5.0,5.0,5.0,5.0,5.443672679568534,5.0,5.0,5.0,5.0,5.0,5.0,6.6259059864969,5.0,5.0,7.481486060122113,5.585026652029182,5.0,5.0,5.0,5.0,5.0,5.697665775423192,6.466778407070528,,5.0,5.0,5.0,,5.4634679910804405,5.0,5.20446769648675,5.0,5.0,5.0,5.433710076170131,5.0,5.0,5.0,5.0,5.0,5.0,5.0,5.0,5.0,5.508638306165727,5.0,5.0,5.0,5.694679709931225,5.0,5.0,5.0,5.0,7.468521082957745,5.0,5.0,5.080575454631372,5.0,5.486765587017391,5.0,5.0,5.0,5.0,5.0,5.0,5.0,5.0,5.0,5.0,5.0,5.0,5.0,,5.0,5.285666875892183,5.0,5.0,5.0,5.0,5.0,5.309894379144197,5.0,5.0,5.0,8.508638306165727,5.0,5.0,8.23046430201056,5.0,5.0,7.82437273117262,5.0,5.0,5.0,5.0,5.0,7.267606240177032,5.0,7.606937813893786,5.0,5.411954370472159,5.0,5.0,6.721126129179266,6.050609993355088,6.958607314841775,5.0,5.0,5.0,5.0,5.284169284969886,5.0,5.0,5.0,6.262019205403789,8.494850021680094,5.0,5.0,5.0,5.0,5.0,5.0,5.0,6.6020599913279625,5.0,5.0,5.878295522790808,5.0,5.0,5.0,5.942757848782256,5.0,5.0,5.0,5.0,5.275724130399211,5.0,5.0,5.0,5.0,5.468521082957745,,5.0,5.0,5.0,5.0,5.698970004336019,5.0,5.0,5.0,5.0,5.0,5.721246399047171,5.0,5.0,5.0,6.1419983281826,8.619412256574737,5.0,5.200686663775987,5.0,6.431798275933005,5.0,5.0,5.0,5.0,5.0,5.221514161923291,5.0,5.0,5.0,5.0,5.08920208005901,5.0,5.0,5.0,5.0,5.0,5.0,5.0,6.106433990100789,5.0,5.0,5.0,5.0,5.0,5.0,5.0,5.0,5.0,5.0,5.0,5.0,5.0
11717001,5.0,5.0,5.0,5.455931955649724,5.0,5.0,5.0,5.0,5.0,5.0,5.0,5.0,5.0,5.0,5.0,5.0,5.0,5.0,5.0,5.0,5.0,5.0,5.758848109321605,5.0,5.042551477598827,5.0,6.040958607678906,5.0,5.0,5.0,5.0,5.0,5.886056647693163,5.0,5.0,,5.024742501084004,5.0,5.0,,5.0,5.0,5.0,5.0,5.0,5.0,5.0,5.0,5.0,5.0,5.0,5.0,5.0,5.0,5.0,5.0,5.0,5.0,5.0,5.0,5.0,5.0,5.886056647693163,5.0,5.0,5.0,5.0,5.0,5.0,5.0,5.0,5.0,5.0,5.0,5.0,5.0,5.0,5.0,5.0,5.0,5.0,5.0,5.0,5.0,,5.0,5.0,5.0,5.0,5.0,5.0,9.215476652800666,5.0,5.0,5.0,5.0,5.0,5.0,5.0,5.0,5.0,5.0,5.0,5.0,5.0,5.0,5.0,5.0,5.0,5.0,5.0,5.0,5.0,5.0,5.0,5.0,5.0,5.0,5.0,5.0,5.0,5.0,5.0,5.0,5.0,5.0,5.0,5.0,5.0,5.0,5.0,5.0,5.0,5.0,5.0,5.0,5.0,5.0,5.0,5.0,5.0,5.0,5.0,5.0,5.920818753952375,5.0,5.0,5.0,5.0,5.6020599913279625,5.0,5.279053362192762,5.0,,5.0,5.0,5.0,5.0,5.0,5.0,5.0,5.0,5.0,5.0,5.0,5.0,5.0,5.0,5.0,5.0,5.0,5.0,5.0,5.0,5.0,5.0,5.0,5.150514997831991,5.0,5.0,5.0,5.292429823902063,5.3914183731449885,5.0,5.0,5.0,5.0,5.0,5.0,5.0,5.0,5.0,5.0,5.0,5.0,5.0,5.0,5.0,5.0,5.0,5.0,5.0,5.0,5.0,5.0,5.0
44150621,5.0,5.939713034397075,5.0,5.086186147616283,5.0,6.27642098432889,5.0,6.6020599913279625,5.0,5.227965977824862,5.0,5.259637310505756,7.397940008672037,5.0,5.0,5.0,5.186181873724173,5.0,5.0,5.0,5.0,6.702031546865413,7.485542461103791,5.813912356942468,5.125382940714804,7.161150909262744,7.920818753952375,5.0,6.309803919971486,5.0,5.0,5.0,6.522878745280337,5.0,5.656736843056048,,6.4234845496005715,7.018578659399379,5.198970004336019,,5.806432818369767,5.0,7.84391132178011,5.0,5.0,5.0,7.263621775341393,5.508638306165727,5.0,5.0,5.552525773059265,5.0,5.0,6.251811972993799,5.582471949139942,8.505498451525392,5.00436480540245,5.0,5.040958607678906,5.0,7.594356721611168,5.0,6.259637310505756,6.223665891943903,5.328788659588897,6.7447274948966935,5.0,5.0,5.2158991379665025,5.6020599913279625,5.0,6.229710141747773,5.031517051446065,6.080921907623926,5.0,5.0655015487564325,6.721246399047171,5.0,6.538896861280492,5.0,6.329545373712081,7.867591088495232,5.0,5.0,,5.0,5.675063266626548,7.0,5.0,5.0,5.292513326014591,5.0,5.0,7.102372908709558,5.0,5.0,5.0,5.372363747448347,6.2441251443275085,5.164950007226698,6.602407705158788,5.0,5.0,6.3872161432802645,6.769551078621726,5.638272163982407,6.505470901010369,5.622062572163754,5.0,5.318931032599803,5.0,6.494850021680094,5.543888971733793,5.0,5.0,6.752922702990778,5.795880017344075,5.886056647693163,5.0,5.0,5.4604093769761874,5.0,5.281032202318158,5.0,5.0,5.0,6.074370825640463,6.522878745280337,5.0,5.0,6.200659450546418,5.0,5.221848749616356,6.095326356997686,5.0,5.0,5.872363747448347,5.2543191530828635,6.185620744201571,6.376750709602099,5.0,6.185091401990742,5.3711697582758395,5.0,6.585026652029182,5.637862065199606,5.364605189013355,5.0,5.0,5.0,5.0,5.0,5.0,,5.393026200727774,6.161150909262744,5.0,5.0,5.552841968657781,5.0,5.0,5.0,5.0,5.0,6.017728766960432,6.508864383480216,5.0,5.0,5.727965977824862,5.0,6.142667503568732,5.0,5.920818753952375,5.0,5.0,6.769551078621726,5.0,5.0,6.886056647693163,7.40757667030385,5.568636235841013,7.494850021680094,5.0,5.698970004336019,6.1849855128499405,6.070581074285707,5.431798275933005,5.823908740944319,5.792513326014591,5.0,6.080921907623926,5.619788758288394,5.0,5.837149761166518,5.0,6.369964306007462,6.1419983281826,5.00436480540245,5.0,5.0,5.0,5.0,5.585026652029182,5.0,5.537860356969059,5.823908740944319
3062316,5.0,5.0,5.0,5.0,5.0,5.0,5.754269119098421,5.795880017344075,5.0,5.0,5.0,6.508638306165727,5.0,5.920818753952375,5.0,5.0,5.0,5.0,5.0,5.0,5.0,5.268801001050522,5.8580466183073865,5.0,6.696209008309562,5.301029995663981,7.102372908709558,6.6777807052660805,8.585026652029182,5.0,7.552841968657781,5.0,6.142667503568732,5.301959468053146,5.0,,9.789338107743934,5.0,5.0,,5.0,5.0,9.26428079630535,5.0,5.0,5.0,5.0,5.0,8.2518119729938,5.0,9.305624596153633,8.04118539479479,5.0,5.0,5.0,5.197592756205495,5.0,9.239458837992444,5.0,5.0,8.541078020983567,5.0,5.920818753952375,5.137862065199606,5.0,5.0,5.0,5.0,8.301377709494806,9.161150909262744,5.0,6.770303756120384,5.0,5.0,5.0,8.494850021680094,5.0,7.958607314841775,5.947415286000334,5.0,5.338921126645653,5.227965977824862,5.659308729853546,5.0,,7.346787486224656,5.0,5.0,5.0,5.0,5.0,6.263093428106333,5.0,5.0,5.0,5.0,5.0,5.0,5.0,5.0,5.0,5.0,5.0,5.0,5.0,5.0,5.0,5.0,5.0,7.604427329320251,5.0,5.0,5.0,5.0,5.0,5.0,5.0,5.0,5.860623199523586,6.930370917735352,5.926935982160881,6.327902142064283,5.0,5.537602002101044,5.0,5.0,6.703356966489771,5.0,5.0,5.0,5.431798275933005,5.0,5.0,9.06763994357327,5.0,5.0,5.0,5.0,5.0,5.0,5.537602002101044,5.0,5.0,5.0,5.0,5.0,5.0,5.0,5.0,7.508638306165727,6.113509274827518,6.349205798884941,6.585026652029182,,5.0,5.0,5.0,6.4609529247967945,5.0,5.494850021680094,5.0,5.0,5.0,6.886056647693163,5.0,5.210108201691595,5.0,8.853871964321762,5.0,5.0,5.0,5.0,5.0,5.0,5.0,5.337242168318426,5.0,5.0,5.0,5.760115638633285,5.0,8.481486060122112,5.117701248706331,5.187086643357144,5.396589160668306,5.0,5.0,5.920818753952375,5.0,5.0,5.0,5.0,5.0,5.010505683815356,5.0,5.926935982160881,5.0,5.0,5.0,5.0,5.0,5.0,5.0,5.0,5.0,5.0
11626560,5.0,5.0,8.387216143280265,5.0,5.0,5.0,5.284623988107254,5.0,5.0,8.201152407037243,5.0,5.0,5.0,5.0,5.958607314841775,5.0,5.0,7.602059991327962,8.920442252238718,6.288213240133632,5.1842806562192605,5.0,5.118849107837938,5.4566421680275585,5.075818164778801,5.638272163982407,6.008773924307505,5.0,5.0,6.221848749616356,5.0,5.0,7.744727494896693,6.092126721494846,5.0,,6.5545017359123445,5.884520222125715,6.763621775341393,,5.0,5.0,5.0,6.508638306165727,5.0,5.0,5.8979400086720375,5.0,6.119186407719209,5.0,6.714222501189577,6.251921375551987,6.721246399047171,5.0,8.275801448271116,6.1171723856703935,5.0,6.563224767158753,6.102372908709558,5.0,5.356276554911904,7.221848749616356,7.356547323513813,6.703911621302066,5.0,5.0,6.346787486224656,6.853871964321762,5.849485002168009,6.292429823902063,5.7655982097681715,7.113655822658929,6.096910013008056,6.638272163982407,5.0,5.0,7.086186147616283,6.958607314841775,7.252922702990778,6.457711861032834,5.204913638298147,5.0,5.215404970650344,5.0,,5.0,5.0,7.022276394711152,5.6777807052660805,5.0,5.0,5.0,6.4566421680275585,6.107905397309519,5.0,5.0,5.0,5.129818655252878,6.1938200260161125,5.0,6.154946280271835,5.0,5.0,5.0,7.309803919971486,5.0,5.276971214170993,5.0,5.0,5.553312144463609,5.0,5.795880017344075,5.247425010840047,5.0,6.494850021680094,5.9604093769761874,5.0,5.0,5.479303657420887,6.220763073423288,5.0,5.0,5.0,5.6020599913279625,5.0,5.0,7.050637409205253,5.0,5.376750709602099,5.443697499232713,5.7447274948966935,5.0,5.3979400086720375,6.085231165792784,7.508638306165727,5.0,5.33889035263304,5.411954370472159,5.125583569867366,5.214670164989233,5.0,5.309894379144197,5.0,5.0,5.0,5.0,5.0,5.0,5.623984279330327,6.045757490560675,6.214670164989233,5.843386839375442,5.0,,5.0,5.3979400086720375,5.0,5.0,5.958607314841775,5.0,5.0,5.0,5.0,5.0,5.0,6.120468405919757,5.0,5.107905397309519,5.0,5.0,7.431798275933005,5.0,5.0,5.0,5.0,5.173925197299173,5.0,5.0,5.443697499232713,5.390959338239811,5.0,5.0,5.0,5.0,5.1842806562192605,5.337242168318426,5.0,5.886056647693163,5.0,5.0,5.0,5.0,5.0,6.356914868056268,5.0,5.0,5.0,5.0,5.0,5.0,6.619788758288394,5.481486060122113,6.481486060122113,5.0,5.122062572163754,5.0
11656518,5.0,5.0,5.0,7.060480747381382,5.0,5.0,5.0,7.259637310505756,5.0,5.0,5.0,5.0,5.0,5.0,5.0,5.0,5.0,5.0,5.353826758274503,5.0,5.0,5.792513326014591,5.56998846287916,5.0,5.0,6.096910013008056,7.267606240177032,5.080921907623926,5.0,5.0,5.0,5.0,6.292429823902063,6.135158286954664,5.0,,5.539085350545373,5.0,6.354982694318741,,5.0,5.0,6.289198036565084,5.0,5.0,5.0,5.0,5.0,5.0,5.0,5.7888438481401385,5.305521008190197,5.0,5.0,5.0,5.284364157743044,5.0,5.1613768498526404,5.0,5.0,6.2349251864188115,5.0,7.221848749616356,5.0,5.011138197355576,5.0,5.0,5.0,5.0,7.886056647693163,5.0,5.602930322116113,5.0,5.0,5.0,6.017728766960432,5.0,5.229147988357856,5.150514997831991,5.032750774378217,5.065580428412856,5.0,5.0,5.0,,7.200659450546418,5.0,5.0,5.0,5.0,5.0,6.270413402349329,5.0,5.0,5.0,5.0,5.0,5.0,5.0,5.0,5.0,5.0,5.0,5.0,5.0,5.494850021680094,5.0,5.0,5.0,5.0,5.0,5.267606240177032,5.0,5.0,5.1938200260161125,5.0,5.0,5.0,5.0,5.0,5.0,5.0,5.0,5.356547323513812,5.0,5.0,5.0,5.0,5.0,6.251811972993799,6.309803919971486,5.0,5.0,5.609542695194722,5.0,5.0,5.0,5.0,5.0,5.0,5.0,5.173393743112328,5.0,5.0,5.0,5.0,5.0,5.0,5.0,6.022276394711152,5.0,5.0,5.0,,5.0,5.0,5.0,5.0,6.022276394711152,5.0,5.0,5.0,5.146214911951032,5.0,5.0,5.0,5.0,5.0,5.0,5.0,5.0,5.0,5.0,5.0,5.0,5.0,5.0,5.0,5.0,6.878009064887058,5.0,5.721246399047171,5.0,5.0,5.055830362431254,5.0,5.0,5.0,5.0,5.0,5.0,5.0,5.0,5.0,5.0,5.0,5.0,5.0,5.0,5.0,5.0,5.0,5.0,5.0,5.0,5.0
11234052,5.0,5.0,5.0,5.0,5.0,5.0,5.0,5.0,5.0,5.0,5.0,5.0,5.0,5.0,5.0,5.0,5.0,5.0,5.0,5.0,5.0,7.77642098432889,6.511222103955887,5.0,5.111737290107387,8.0,6.301029995663981,5.0,5.0,5.0,5.0,5.0,6.769551078621726,5.0,5.0,,5.764647384121926,5.0,6.157577319177793,,5.0,5.0,7.629818655252878,5.0,5.0,5.0,5.0,5.0,5.0,5.0,5.284623988107254,5.4151329129448165,5.0,5.0,5.0,5.0,5.0,5.0,5.0,5.0,6.552976881705864,5.0,6.657577319177793,5.0,5.0,5.0,5.0,5.0,5.0,6.795880017344075,5.0,5.426935982160881,5.0,5.0,5.0,5.0,5.0,5.0,5.0,5.0,6.760921925629795,5.0,5.0,5.0,,5.0,5.0,5.0,5.0,5.0,5.0,5.0,5.0,5.0,5.0,5.0,5.0,5.0,5.0,5.0,5.0,5.0,5.0,5.0,5.0,5.0,5.0,5.0,5.0,5.0,5.0,5.0,5.0,5.0,5.0,5.0,5.0,5.0,5.0,5.0,5.0,5.0,5.0,5.0,5.0,5.0,5.0,5.0,5.0,5.0,5.0,5.0,5.0,5.207197164897224,5.0,5.0,5.0,5.0,5.0,5.0,5.0,5.0,5.0,5.0,5.0,5.0,5.0,5.0,5.0,5.537602002101044,7.585026652029182,5.0,5.0,,5.0,5.0,5.494850021680094,5.0,5.0,5.0,5.0,5.0,5.0,5.0,5.0,5.0,5.136311797657833,5.0,5.0,5.0,5.0,5.0,5.0,5.0,5.0,5.0,5.0,5.0,5.0,5.713158223051553,5.0,5.508638306165727,5.0,5.0,5.0,5.0,5.0,5.0,5.0,5.0,5.0,5.0,5.0,5.0,5.0,5.0,5.0,5.0,5.0,5.0,5.0,5.0,5.0,5.0,5.0,5.0
16007391,5.0,5.0,5.0,5.2441251443275085,5.0,5.0,5.0,5.0,5.0,5.247425010840047,5.0,5.0,5.0,5.0,5.0,5.0,5.0,5.0,5.0813750481091695,5.0,5.0,5.919315998882513,5.023527024761902,5.0,5.745983429093543,6.958607314841775,5.619788758288394,5.337242168318426,5.0,5.0,5.0,5.0,5.0,5.0,5.3446194224203225,,5.434450025240136,5.261439372640169,6.088589177348448,,5.0,5.0,7.403716273331726,5.0,5.0,5.0,5.0,5.0,5.0,5.0,5.76700999855466,5.0,5.0,5.0,5.70446769648675,7.207612514227198,5.0,5.0,5.0,5.0,6.714853050912816,5.327902142064283,5.552841968657781,5.0,5.0,5.0,5.522878745280337,5.0,5.0,5.7447274948966935,5.0,5.8979400086720375,5.0,5.823908740944319,5.070581074285707,5.180456064458132,5.0,5.0,5.0,5.0,5.0,5.0,5.0,5.0,,5.769551078621726,5.0,5.0,5.0,5.0,5.0,5.0,5.0,5.823908740944319,5.0,5.0,5.0,5.0,5.552841968657781,5.0,5.0,5.0,5.0,5.0,5.0,5.0,5.0,5.0,5.0,5.0,5.0,5.0,5.0,5.0,5.0,5.0,5.0,5.0,5.0,5.0,5.0,5.0,5.0,5.0,5.0,5.823908740944319,5.0,5.0,5.0,7.013228265733755,6.187086643357144,5.0,5.0,5.445324309220542,5.102372908709558,5.0,5.4604093769761874,5.0,5.0,5.0,5.0,5.0,5.0,5.0,5.0,5.0,5.0,5.853871964321762,5.480204688488094,5.7447274948966935,5.0,5.0,5.0,,5.040131890109284,5.0,5.0,5.0,5.0,5.0,5.0,5.0,5.0,5.0,5.0,5.0,5.0,5.920818753952375,5.0,5.0,5.0,5.0,5.0,5.0,5.0,5.0,5.4604093769761874,5.0,5.0,6.872847372392647,5.0,8.55284196865778,5.0,5.0,5.0,5.0,5.0,5.0,5.0,5.0,5.0,5.0,5.0,7.697243166834759,5.0,5.548998554324635,5.0,5.0,5.0,5.0,5.0,5.0,5.2076083105017466,5.958607314841775,5.0,5.0
9926054,5.0,5.0,5.0,5.0,5.0,5.5774509799928715,5.0,5.0,5.0,5.0,5.0,5.0,5.0,5.0,5.0,5.0,5.0,5.0,5.0,5.0,5.0,5.0,5.0,5.0,5.0,5.0,6.585026652029182,5.187086643357144,5.0,5.0,5.0,5.0,5.0,5.0,5.0,,5.0,5.0,5.0,,5.0,5.0,5.0,5.0,5.0,5.0,5.0,5.0,5.0,5.0,5.0,5.0,5.0,5.0,5.0,5.0,5.0,5.0,5.0,6.0,5.072562281922334,5.0,5.0,5.0,5.0,5.0,5.0,5.0,5.0,5.0,5.112414056106142,5.0,5.0,5.0,5.0,5.0,5.0,5.0,5.0,5.0,5.0,5.0,5.201268051750291,5.0,,5.0,5.0,5.0,5.0,5.0,5.0,5.0,5.0,5.0,5.0,5.0,5.0,6.3278038631574445,5.0,5.0,5.0,5.183265772210207,5.0,5.0,5.0,5.0,5.0,5.0,5.0,5.0,5.0,5.0,5.0,5.0,5.0,5.0,5.0,5.769551078621726,5.0,5.0,5.0,5.0,5.0,5.0,5.0,5.0,5.0,5.619788758288394,5.0,5.091514981121351,5.0,5.0,5.6777807052660805,5.0,5.0,5.0,5.0,5.0,5.0,5.0,5.0,5.0,5.0,5.0,5.0,5.0,5.086696871556164,5.0,5.6964215256439,5.0,5.0,5.0,5.0,,5.210121998671018,5.0,5.0,5.0,5.0,5.0,5.0,5.0,5.0,5.0,5.0,5.0,5.0,5.0,5.0,5.0,5.0,5.0,5.0,5.0,5.0,5.0,5.0,5.0,5.0,5.0,5.0,5.0,5.0,5.0,5.0,5.0,5.0,5.0,5.0,5.0,5.0,5.0,5.0,5.0,5.0,5.0,5.0,5.0,5.721246399047171,5.0,5.0,5.0,6.167491087293763,6.096910013008056,5.0,5.0
11364421,5.0,5.0,5.0,5.2839966563652006,5.0,6.006614132866877,5.179200667367015,5.0,5.0,6.358349385648225,5.328295703098071,5.0,5.0,5.0,5.0,5.0,6.046294984829065,5.0,5.206596252762798,5.0,5.0,5.0,5.265293339114692,5.0,5.649164574395443,5.0,6.318758762624412,5.0,6.7447274948966935,5.0,5.0,5.0,5.3872161432802645,5.256517026207242,5.456171881538007,,5.129443267933058,5.27642098432889,5.0,,5.0,5.0,5.0,6.823908740944319,5.059593203859604,5.0,5.0,5.0,5.0,5.0,5.0,5.0,6.508638306165727,5.0,5.2543191530828635,5.074696963611477,5.0,5.0,5.0,5.0,5.0,5.0,5.309803919971486,5.0,5.0,5.0,5.0,5.0,5.0,5.0,6.41440393374396,5.0,5.0,5.0,5.6020599913279625,5.0,5.0,5.0,5.0,5.360623199523586,5.0,5.0,5.082475003613349,5.0,,5.0,5.0,5.0,5.0,5.0,5.0,5.0,5.114573994178928,5.0,5.0,5.0,5.0,5.0,5.0,5.0,5.0,5.0,5.0,5.013228265733755,5.721246399047171,5.0,5.0,8.744727494896694,5.0,5.0,5.0,5.0,5.0,5.700853717384008,5.0,5.0,5.0,5.0,5.0,5.0,5.0,5.0,5.891193441316286,5.327902142064283,5.0,5.0,5.0,5.0,5.0,5.698970004336019,5.0,9.721246399047171,5.0,5.0,5.0,5.0,5.0,7.6479247415801,5.356860358095235,5.657577319177793,5.0,5.0,5.0,5.0,5.0,5.0,5.180311599761793,5.113509274827518,5.0,5.0,5.0,5.0,5.0,,5.0,5.356547323513812,5.958607314841775,5.0,6.337242168318426,5.0,5.0,6.142667503568732,5.0,5.0,5.0,5.0,5.0,5.0,5.0,5.0,5.0,5.08920208005901,5.0,5.0,5.0,5.0,5.0,5.239651828710444,5.6777807052660805,5.0,5.0,5.0,5.566209262761971,5.698970004336019,5.0,6.113509274827518,5.0,5.0,5.979303657420887,5.0,5.0,5.3979400086720375,5.0,5.0,5.0,5.0,5.0,5.0,5.0,5.0,5.0,5.0,5.455931955649724,5.0,5.107335082494616,5.958607314841775
6450551,5.0,6.020288489028447,5.494850021680094,5.0,5.0,5.0,5.106252920874804,5.0,5.0,5.0,5.360623199523586,5.251811972993799,5.0,5.0,5.0,5.0,5.0,5.0,6.016386089286836,5.0,5.0,7.499349533489791,6.484157141180073,5.0,5.056392031632276,8.236572006437063,6.568636235841013,5.0,5.568636235841013,5.0,5.0,5.0,6.0,5.0,5.0,,6.700066082473785,5.9604093769761874,6.760933285949741,,5.0,5.0,9.268277484114787,5.0,5.0,5.0,5.002182402701225,5.0,5.221848749616356,5.0,5.481232499744237,5.0,5.0,5.0,5.9358003656410965,6.693761437954761,5.568636235841013,5.0,5.0,5.0,7.618813833078093,7.795880017344075,5.920818753952375,5.384775539310863,5.0,5.0,5.0,5.0,5.33889035263304,6.468521082957745,5.0,6.090228032229065,5.0,5.0,5.4089353929735005,5.275724130399211,5.0,5.0,6.1837713539076375,5.0,6.346877025751425,5.8278038631574445,5.0,5.0,,5.585026652029182,5.0,5.7447274948966935,5.853871964321762,5.0,5.0,5.0,5.0,5.443697499232713,5.0,5.0,5.0,5.0,5.0,5.0,5.0,5.0,5.115595828741552,5.823908740944319,5.508638306165727,5.0,5.460999886293034,5.0,5.0,5.385151878060192,5.0,5.6020599913279625,5.0,5.0,6.795880017344075,5.4430283238465815,5.0,5.0,5.0,5.122177181473472,5.0,5.0,5.0,5.0,5.0,5.0,5.27642098432889,5.0,5.0,5.0,5.0,5.0,5.0,5.298829784093056,5.0,5.0,5.637862065199606,5.83889035263304,5.212757387994135,5.920818753952375,5.0,5.0,5.0,5.0,5.0,5.0,5.0,5.0,5.0,5.00436480540245,5.0,5.089600333683507,5.0,,5.055144826079842,6.0,5.0,5.1419983281826,5.130768280269024,5.0,5.0,5.0,5.0,5.0,5.0,5.755724641749778,5.0,5.0,5.0,5.0,5.0,5.0,5.0,5.0,5.0,6.173925197299173,5.0,5.341885676953819,5.0,6.400688854747403,5.0,6.853871964321762,5.0,5.0,5.0,5.0,5.0,5.0,5.0,5.0,5.0,5.0,5.0,7.99577715536789,5.0,5.576831443935097,5.27642098432889,5.522878745280337,5.0,5.0,5.0,5.0,5.0,5.0,5.0,6.431798275933005
5287969,5.0,5.849485002168009,5.0,6.958607314841775,5.0,5.0,5.56361636606347,5.0,5.0,5.915751258238483,5.0,5.0,5.0,5.0,5.0,5.0,5.180311599761793,5.0,5.0,5.0,5.0,5.0,5.295352215897721,5.872363747448347,5.643705642835321,5.0,5.0,5.0,6.431798275933005,5.0,5.0,5.0,5.0,6.820098920350724,5.303591113772092,,5.476394993866144,5.137862065199606,5.0,,5.0,5.0,5.114573994178928,5.0,5.0,5.0,5.663951071032141,5.0,5.0,6.702449655374234,5.27463624698144,5.075988659274954,5.508638306165727,5.0,5.311711521471744,5.188601261288521,5.0,5.43045455385812,5.0,5.0,5.110150995042968,5.075720713938118,5.0,5.0,5.1419983281826,5.455931955649724,5.376750709602099,5.0,5.0,5.0,6.337385016609566,5.173393743112328,5.0,5.0,5.0,5.0,5.0,7.259637310505756,6.2660480267386,5.0,5.0,5.0,5.201268051750291,5.0,,5.0,5.0,5.0,5.0,5.0,5.0,5.0,5.33889035263304,5.0,5.0,7.094614994382818,5.0,5.0,5.431798275933005,6.444026771560879,5.918270224115005,5.0,5.0,5.0,6.267606240177032,5.0,5.0,5.0,6.229147988357856,5.0,5.0,5.0,5.292513326014591,5.619589972514817,5.0,5.426935982160881,5.0,5.958607314841775,5.0,5.0,5.0,5.0,5.555752103785899,5.0,8.356996438960262,6.060480747381382,5.109517485195841,5.0,5.0,5.698970004336019,5.537602002101044,5.0,5.0,5.10673399554022,5.0,5.0,5.0,6.734452226564986,5.731953522554883,5.0,5.251811972993799,5.0,5.0,5.0,5.0,5.0,7.348986438521291,5.0,5.435280842656967,5.0,6.346787486224656,5.4024702285827475,5.0,,6.414801355188777,5.0,5.769551078621726,5.56421353222706,5.2839966563652006,7.200659450546418,5.0,5.0,7.082471949139941,5.0,5.0,5.01343607320015,5.086545770168585,5.0,6.011366893786354,5.0,5.0,5.0,5.0,5.494850021680094,5.0,5.0,5.247425010840047,5.263879331962458,5.823908740944319,5.0,5.0,6.7447274948966935,5.292749402629499,5.0,5.0,5.0,5.0,5.0,5.530240373690691,5.212757387994135,5.3872161432802645,5.597589660639419,6.195723332479225,5.0,5.0,5.0,5.0,5.2441251443275085,8.193820026016112,5.0,5.0,5.920818753952375,7.638272163982407,6.366531544420414,5.0,5.0
11338033,5.0,5.0,5.0,5.0,5.0,5.0,5.319535771613925,5.0,5.0,5.0,5.0,5.0,5.0,5.0,5.0,5.0,5.0,5.0,5.0,5.0,5.0,5.0,5.0,5.0,5.0,5.0,5.0,5.0,5.0,5.0,5.0,5.0,5.229147988357856,7.143737262561551,5.0,,5.0,5.0,5.0,,5.0,5.0,5.0,5.0,5.0,5.0,5.0,5.0,5.0,6.579976204004975,5.0,5.0,5.0,5.0,5.0,5.0,5.0,5.0,5.0,5.0,5.0,5.0,5.0,5.0,5.0,5.0,5.0,7.619788758288394,5.0,5.0,5.0,5.0,5.0,5.0,5.0,5.0,5.0,5.0,5.0,5.0,5.0,5.0,5.396125118267016,5.0,,5.0,5.0,5.0,5.0,5.0,5.309894379144197,5.0,5.292513326014591,5.0,5.0,6.72921037802671,5.0,5.0,5.0,5.0,5.0,5.0,5.0,5.0,5.0,5.0,5.0,5.0,5.0,5.0,5.0,5.0,5.0,5.0,5.0,5.0,5.0,5.958607314841775,5.0,5.0,5.0,5.0,5.840154029985731,5.0,7.5470750866788405,5.0,5.0,5.0,5.0,5.0,5.0,5.0,5.267606240177032,5.0,5.0,5.0,5.5,5.309894379144197,5.0,5.0,5.0,5.0,5.0,5.0,5.0,5.0,7.440614065464281,5.0,7.220649028895914,5.0,5.0,5.0,5.0,,8.167648800344102,5.0,5.0,5.0,5.0,5.0,5.0,5.0,5.240743030061056,5.0,5.0,5.0,5.0,5.0,7.798439739412091,5.0,5.0,5.0,5.0,5.0,5.0,5.0,5.0,5.0,5.0,5.0,5.0,5.0,5.0,5.0,5.0,5.0,5.0,5.0,5.0,5.0,5.0,5.0,5.0,5.0,5.0,5.0,5.0,5.0,8.236572006437063,5.0,5.0,5.0,8.55284196865778,8.494850021680094,5.0,5.0
11314340,5.0,5.7875591816844665,5.0,7.886056647693163,5.0,5.94219474416285,6.826234990249596,5.0,5.0,5.0,5.0,5.0,5.0,6.337242168318426,5.0,5.0,5.650688854747403,5.0,5.0,5.0,5.0,5.0,6.902581309547841,6.2158991379665025,5.0,5.0,6.638272163982407,5.0,6.7447274948966935,5.0,5.0,5.0,5.0,5.865437792292514,6.751485599333992,,5.0,7.143675149186395,5.0,,5.5415539063358805,5.0,5.0,5.0,5.0,5.0,5.159379381312206,5.0,5.0,5.566323334778673,5.0,5.0,5.0,5.337242168318426,5.0,6.652527512061083,6.229147988357856,5.0,5.0,5.0,5.151836838268935,5.0,5.0,5.0,5.0,6.6777807052660805,5.0,5.0,5.0,5.0,5.333333333333333,5.0,5.0,5.0,5.0,5.0,5.0,5.0,5.360623199523586,5.0,5.0,5.698970004336019,5.0,5.2839966563652006,,5.0,5.0,5.0,5.0,5.0,5.0,5.0,5.0,5.0,5.0,8.54335804911979,7.721246399047171,5.0,5.443697499232713,7.967234154501767,5.0,5.0,6.100628509775295,5.0,5.508638306165727,5.0,6.014051122097283,5.0,7.568636235841013,5.0,6.96985849128231,5.0,5.801029995663981,6.281831129152487,5.0,5.18837535480105,6.229147988357856,5.0,5.0,5.0,5.0,5.0,8.554476483991778,5.0,5.629818655252878,5.0,5.0,5.0,5.0,6.119186407719209,6.1938200260161125,5.0,7.200659450546418,5.0,5.0,5.0,6.056754637413759,6.111141630695188,5.525039454456311,6.2076083105017466,5.0,5.0,5.549272493962879,5.0,5.275724130399211,5.0,5.654811557299025,5.008773924307505,5.0,5.0,5.0,5.0,5.0,,5.68776360575893,6.161150909262744,6.657577319177793,5.0,5.552841968657781,5.3979400086720375,5.0,5.0,5.670994301671444,5.0,5.292429823902063,5.1338031200885155,5.0,5.0,5.932433674311612,6.467171968238982,5.0,5.206596252762798,5.0,6.1487416512809245,5.0,5.0,5.234260541478872,5.0,5.6020599913279625,5.616493473485966,5.0,5.0,6.1929316391806095,5.0,5.0,5.0,5.0,5.0,5.384775539310863,5.0,5.2839966563652006,5.752922702990778,6.752058926132083,5.025240237979372,5.0,5.0,5.339926856944473,5.0,6.7447274948966935,5.0,5.0,5.920818753952375,7.154901959985743,5.508638306165727,5.0,5.0
